name,iterations,real_time,cpu_time,time_unit,bytes_per_second,items_per_second,label,error_occurred,error_message
"Sum squares integer MPL int_container2 96",88783,7705.93,7687.37,ns,,,,,
"Sum squares integer MPL int_container2 96",88783,7875.53,7856.12,ns,,,,,
"Sum squares integer MPL int_container2 96",88783,7445.41,7427.86,ns,,,,,
"Sum squares integer MPL int_container2 96",88783,6160.05,6149.63,ns,,,,,
"Sum squares integer MPL int_container2 96",88783,6683.01,6662.68,ns,,,,,
"Sum squares integer MPL int_container2 96",88783,8441.74,8423.16,ns,,,,,
"Sum squares integer MPL int_container2 96",88783,7368.42,7346.79,ns,,,,,
"Sum squares integer MPL int_container2 96",88783,7596.47,7586.16,ns,,,,,
"Sum squares integer MPL int_container2 96",88783,7529.7,7512.34,ns,,,,,
"Sum squares integer MPL int_container2 96",88783,7356.24,7342.58,ns,,,,,
"Sum squares integer MPL int_container2 96_mean",10,7416.25,7399.47,ns,,,,,
"Sum squares integer MPL int_container2 96_median",10,7487.56,7470.1,ns,,,,,
"Sum squares integer MPL int_container2 96_stddev",10,624.878,623.494,ns,,,,,
"Sum squares integer MPL int_container2 96_cv",10,8.42579e+06,8.4262e+06,ns,,,,,
"Sum squares integer CLN 16",628863,1235.61,1233.1,ns,,,,,
"Sum squares integer CLN 16",628863,1389.36,1386.13,ns,,,,,
"Sum squares integer CLN 16",628863,1234.14,1231.93,ns,,,,,
"Sum squares integer CLN 16",628863,1457.78,1454.12,ns,,,,,
"Sum squares integer CLN 16",628863,1273.16,1257.87,ns,,,,,
"Sum squares integer CLN 16",628863,1280,1275.27,ns,,,,,
"Sum squares integer CLN 16",628863,1131.22,1126.23,ns,,,,,
"Sum squares integer CLN 16",628863,1300.75,1299.01,ns,,,,,
"Sum squares integer CLN 16",628863,1303.55,1302.43,ns,,,,,
"Sum squares integer CLN 16",628863,1117.36,1115.76,ns,,,,,
"Sum squares integer CLN 16_mean",10,1272.29,1268.19,ns,,,,,
"Sum squares integer CLN 16_median",10,1276.58,1266.57,ns,,,,,
"Sum squares integer CLN 16_stddev",10,103.636,103.652,ns,,,,,
"Sum squares integer CLN 16_cv",10,8.14562e+06,8.17322e+06,ns,,,,,
"Sum squares integer MPL int_container2 80",96501,7143.84,7126.54,ns,,,,,
"Sum squares integer MPL int_container2 80",96501,7565.47,7541,ns,,,,,
"Sum squares integer MPL int_container2 80",96501,7991.98,7980.64,ns,,,,,
"Sum squares integer MPL int_container2 80",96501,6307.49,6270.57,ns,,,,,
"Sum squares integer MPL int_container2 80",96501,6862.04,6844.69,ns,,,,,
"Sum squares integer MPL int_container2 80",96501,8506.79,8465.78,ns,,,,,
"Sum squares integer MPL int_container2 80",96501,7559.89,7537.42,ns,,,,,
"Sum squares integer MPL int_container2 80",96501,7449.4,7407.64,ns,,,,,
"Sum squares integer MPL int_container2 80",96501,7449.54,7422.82,ns,,,,,
"Sum squares integer MPL int_container2 80",96501,7359.02,7351.69,ns,,,,,
"Sum squares integer MPL int_container2 80_mean",10,7419.55,7394.88,ns,,,,,
"Sum squares integer MPL int_container2 80_median",10,7449.47,7415.23,ns,,,,,
"Sum squares integer MPL int_container2 80_stddev",10,594.392,593.784,ns,,,,,
"Sum squares integer MPL int_container2 80_cv",10,8.01117e+06,8.02967e+06,ns,,,,,
"Sum squares integer MPL std::vector 128",83938,8694.02,8677.39,ns,,,,,
"Sum squares integer MPL std::vector 128",83938,9933.83,9897.21,ns,,,,,
"Sum squares integer MPL std::vector 128",83938,10623,10608.2,ns,,,,,
"Sum squares integer MPL std::vector 128",83938,10610.5,10598,ns,,,,,
"Sum squares integer MPL std::vector 128",83938,12372,12359.6,ns,,,,,
"Sum squares integer MPL std::vector 128",83938,10245.9,10217.6,ns,,,,,
"Sum squares integer MPL std::vector 128",83938,10547.4,10532.7,ns,,,,,
"Sum squares integer MPL std::vector 128",83938,10979.2,10954.5,ns,,,,,
"Sum squares integer MPL std::vector 128",83938,10268.8,10252.2,ns,,,,,
"Sum squares integer MPL std::vector 128",83938,10609.4,10593.6,ns,,,,,
"Sum squares integer MPL std::vector 128_mean",10,10488.4,10469.1,ns,,,,,
"Sum squares integer MPL std::vector 128_median",10,10578.4,10563.2,ns,,,,,
"Sum squares integer MPL std::vector 128_stddev",10,911.31,913.635,ns,,,,,
"Sum squares integer MPL std::vector 128_cv",10,8.68873e+06,8.72697e+06,ns,,,,,
"Sum squares integer GMP 104",69682,9827.34,9731.44,ns,,,,,
"Sum squares integer GMP 104",69682,7520.34,7438.82,ns,,,,,
"Sum squares integer GMP 104",69682,8432.1,8408.9,ns,,,,,
"Sum squares integer GMP 104",69682,8428.21,8412.96,ns,,,,,
"Sum squares integer GMP 104",69682,8744.43,8705.91,ns,,,,,
"Sum squares integer GMP 104",69682,7996.42,7989.74,ns,,,,,
"Sum squares integer GMP 104",69682,8668.03,8633.02,ns,,,,,
"Sum squares integer GMP 104",69682,7777.77,7764.7,ns,,,,,
"Sum squares integer GMP 104",69682,8029.41,8015.9,ns,,,,,
"Sum squares integer GMP 104",69682,6749.84,6743.98,ns,,,,,
"Sum squares integer GMP 104_mean",10,8217.39,8184.54,ns,,,,,
"Sum squares integer GMP 104_median",10,8228.81,8212.4,ns,,,,,
"Sum squares integer GMP 104_stddev",10,821.946,805.696,ns,,,,,
"Sum squares integer GMP 104_cv",10,1.00025e+07,9.84413e+06,ns,,,,,
"Sum squares integer MPL int_container3 8",284815,2330.97,2318.59,ns,,,,,
"Sum squares integer MPL int_container3 8",284815,2668.58,2662.1,ns,,,,,
"Sum squares integer MPL int_container3 8",284815,2157.98,2152.03,ns,,,,,
"Sum squares integer MPL int_container3 8",284815,2673.48,2670.07,ns,,,,,
"Sum squares integer MPL int_container3 8",284815,2805.77,2766.12,ns,,,,,
"Sum squares integer MPL int_container3 8",284815,2683.63,2664.17,ns,,,,,
"Sum squares integer MPL int_container3 8",284815,2732.86,2715.59,ns,,,,,
"Sum squares integer MPL int_container3 8",284815,2371.83,2367.63,ns,,,,,
"Sum squares integer MPL int_container3 8",284815,2242.67,2237.85,ns,,,,,
"Sum squares integer MPL int_container3 8",284815,1908.24,1900.82,ns,,,,,
"Sum squares integer MPL int_container3 8_mean",10,2457.6,2445.5,ns,,,,,
"Sum squares integer MPL int_container3 8_median",10,2520.2,2514.87,ns,,,,,
"Sum squares integer MPL int_container3 8_stddev",10,298.206,292.308,ns,,,,,
"Sum squares integer MPL int_container3 8_cv",10,1.2134e+07,1.19529e+07,ns,,,,,
"Sum squares integer GMP 96",77196,9522.91,9488.83,ns,,,,,
"Sum squares integer GMP 96",77196,9258.31,9246.61,ns,,,,,
"Sum squares integer GMP 96",77196,8581.98,8566.52,ns,,,,,
"Sum squares integer GMP 96",77196,8024.66,8005.92,ns,,,,,
"Sum squares integer GMP 96",77196,9056.67,9034.3,ns,,,,,
"Sum squares integer GMP 96",77196,8599.07,8573.15,ns,,,,,
"Sum squares integer GMP 96",77196,8917.61,8908.14,ns,,,,,
"Sum squares integer GMP 96",77196,8664.15,8656.1,ns,,,,,
"Sum squares integer GMP 96",77196,8557.57,8533.12,ns,,,,,
"Sum squares integer GMP 96",77196,7260.67,7221.75,ns,,,,,
"Sum squares integer GMP 96_mean",10,8644.36,8623.44,ns,,,,,
"Sum squares integer GMP 96_median",10,8631.61,8614.62,ns,,,,,
"Sum squares integer GMP 96_stddev",10,641.694,645.34,ns,,,,,
"Sum squares integer GMP 96_cv",10,7.42327e+06,7.48355e+06,ns,,,,,
"Sum squares integer CLN 32",43434,15393.4,15358.8,ns,,,,,
"Sum squares integer CLN 32",43434,19297.1,19266.9,ns,,,,,
"Sum squares integer CLN 32",43434,15199.5,15152.7,ns,,,,,
"Sum squares integer CLN 32",43434,16119.9,16087.9,ns,,,,,
"Sum squares integer CLN 32",43434,16639.7,16574.1,ns,,,,,
"Sum squares integer CLN 32",43434,17096.9,17072.2,ns,,,,,
"Sum squares integer CLN 32",43434,12469.3,12458.8,ns,,,,,
"Sum squares integer CLN 32",43434,13169.8,13115.3,ns,,,,,
"Sum squares integer CLN 32",43434,12623.1,12614.4,ns,,,,,
"Sum squares integer CLN 32",43434,12453,12444.7,ns,,,,,
"Sum squares integer CLN 32_mean",10,15046.2,15014.6,ns,,,,,
"Sum squares integer CLN 32_median",10,15296.5,15255.8,ns,,,,,
"Sum squares integer CLN 32_stddev",10,2330.21,2322.4,ns,,,,,
"Sum squares integer CLN 32_cv",10,1.5487e+07,1.54676e+07,ns,,,,,
"Sum squares integer MPL std::vector 96",66474,10242.1,10224.1,ns,,,,,
"Sum squares integer MPL std::vector 96",66474,11900.2,11857.9,ns,,,,,
"Sum squares integer MPL std::vector 96",66474,8160.73,8153.7,ns,,,,,
"Sum squares integer MPL std::vector 96",66474,9856.11,9841.25,ns,,,,,
"Sum squares integer MPL std::vector 96",66474,9792.39,9777.22,ns,,,,,
"Sum squares integer MPL std::vector 96",66474,10250.7,10233.7,ns,,,,,
"Sum squares integer MPL std::vector 96",66474,9197.06,9175.09,ns,,,,,
"Sum squares integer MPL std::vector 96",66474,10144.4,10133.5,ns,,,,,
"Sum squares integer MPL std::vector 96",66474,10301.8,10266.2,ns,,,,,
"Sum squares integer MPL std::vector 96",66474,7900.67,7886.45,ns,,,,,
"Sum squares integer MPL std::vector 96_mean",10,9774.61,9754.91,ns,,,,,
"Sum squares integer MPL std::vector 96_median",10,10000.3,9987.36,ns,,,,,
"Sum squares integer MPL std::vector 96_stddev",10,1146.72,1138.99,ns,,,,,
"Sum squares integer MPL std::vector 96_cv",10,1.17316e+07,1.16761e+07,ns,,,,,
"Sum squares integer MPL int_container2 24",126388,5526,5518.25,ns,,,,,
"Sum squares integer MPL int_container2 24",126388,5515.55,5494.41,ns,,,,,
"Sum squares integer MPL int_container2 24",126388,5440.62,5431.84,ns,,,,,
"Sum squares integer MPL int_container2 24",126388,4529.36,4507.17,ns,,,,,
"Sum squares integer MPL int_container2 24",126388,4765.64,4712.77,ns,,,,,
"Sum squares integer MPL int_container2 24",126388,5249.67,5244.1,ns,,,,,
"Sum squares integer MPL int_container2 24",126388,5539.04,5534.35,ns,,,,,
"Sum squares integer MPL int_container2 24",126388,5121.72,5112.44,ns,,,,,
"Sum squares integer MPL int_container2 24",126388,5070.24,5060.73,ns,,,,,
"Sum squares integer MPL int_container2 24",126388,4436.61,4428.31,ns,,,,,
"Sum squares integer MPL int_container2 24_mean",10,5119.44,5104.44,ns,,,,,
"Sum squares integer MPL int_container2 24_median",10,5185.69,5178.27,ns,,,,,
"Sum squares integer MPL int_container2 24_stddev",10,416.391,422.177,ns,,,,,
"Sum squares integer MPL int_container2 24_cv",10,8.13351e+06,8.27078e+06,ns,,,,,
"Sum squares integer CLN 80",34826,19751.8,19671.1,ns,,,,,
"Sum squares integer CLN 80",34826,16387.5,16333.8,ns,,,,,
"Sum squares integer CLN 80",34826,16196.8,16140,ns,,,,,
"Sum squares integer CLN 80",34826,14609.2,14500.7,ns,,,,,
"Sum squares integer CLN 80",34826,17764.5,17674.3,ns,,,,,
"Sum squares integer CLN 80",34826,16649.3,16630,ns,,,,,
"Sum squares integer CLN 80",34826,16330.8,16307.4,ns,,,,,
"Sum squares integer CLN 80",34826,13040.7,13034.2,ns,,,,,
"Sum squares integer CLN 80",34826,13108.7,13101.7,ns,,,,,
"Sum squares integer CLN 80",34826,13693,13601.5,ns,,,,,
"Sum squares integer CLN 80_mean",10,15753.2,15699.5,ns,,,,,
"Sum squares integer CLN 80_median",10,16263.8,16223.7,ns,,,,,
"Sum squares integer CLN 80_stddev",10,2151.85,2139.49,ns,,,,,
"Sum squares integer CLN 80_cv",10,1.36598e+07,1.36278e+07,ns,,,,,
"Sum squares integer MPL int_container3 112",76764,9039.62,9014.64,ns,,,,,
"Sum squares integer MPL int_container3 112",76764,9677.37,9652.55,ns,,,,,
"Sum squares integer MPL int_container3 112",76764,10072.4,10033.2,ns,,,,,
"Sum squares integer MPL int_container3 112",76764,9551.97,9531.2,ns,,,,,
"Sum squares integer MPL int_container3 112",76764,9785.02,9752.97,ns,,,,,
"Sum squares integer MPL int_container3 112",76764,8484.67,8465.56,ns,,,,,
"Sum squares integer MPL int_container3 112",76764,10551.4,10510.8,ns,,,,,
"Sum squares integer MPL int_container3 112",76764,9450.74,9440.12,ns,,,,,
"Sum squares integer MPL int_container3 112",76764,9350.82,9334.7,ns,,,,,
"Sum squares integer MPL int_container3 112",76764,7687.9,7670.76,ns,,,,,
"Sum squares integer MPL int_container3 112_mean",10,9365.19,9340.65,ns,,,,,
"Sum squares integer MPL int_container3 112_median",10,9501.35,9485.66,ns,,,,,
"Sum squares integer MPL int_container3 112_stddev",10,810.896,804.361,ns,,,,,
"Sum squares integer MPL int_container3 112_cv",10,8.65862e+06,8.6114e+06,ns,,,,,
"Sum squares integer GMP 56",81461,9079.65,9044.98,ns,,,,,
"Sum squares integer GMP 56",81461,8388.98,8375.14,ns,,,,,
"Sum squares integer GMP 56",81461,7538.64,7514.03,ns,,,,,
"Sum squares integer GMP 56",81461,8237.36,8194.67,ns,,,,,
"Sum squares integer GMP 56",81461,8256.01,8245.74,ns,,,,,
"Sum squares integer GMP 56",81461,8334.57,8313.09,ns,,,,,
"Sum squares integer GMP 56",81461,9205.16,9150.29,ns,,,,,
"Sum squares integer GMP 56",81461,9164.19,9144.23,ns,,,,,
"Sum squares integer GMP 56",81461,8223.62,8210.68,ns,,,,,
"Sum squares integer GMP 56",81461,6553.03,6545.81,ns,,,,,
"Sum squares integer GMP 56_mean",10,8298.12,8273.86,ns,,,,,
"Sum squares integer GMP 56_median",10,8295.29,8279.42,ns,,,,,
"Sum squares integer GMP 56_stddev",10,804.594,796.288,ns,,,,,
"Sum squares integer GMP 56_cv",10,9.6961e+06,9.62413e+06,ns,,,,,
"Sum squares integer GMP 8",109802,6466.13,6432.31,ns,,,,,
"Sum squares integer GMP 8",109802,8205.92,8194.73,ns,,,,,
"Sum squares integer GMP 8",109802,7993.73,7980.73,ns,,,,,
"Sum squares integer GMP 8",109802,7983.37,7965.18,ns,,,,,
"Sum squares integer GMP 8",109802,9215.26,9163.56,ns,,,,,
"Sum squares integer GMP 8",109802,8612.5,8575.99,ns,,,,,
"Sum squares integer GMP 8",109802,7424.84,7411.87,ns,,,,,
"Sum squares integer GMP 8",109802,7890.78,7876.68,ns,,,,,
"Sum squares integer GMP 8",109802,7313.3,7297.58,ns,,,,,
"Sum squares integer GMP 8",109802,6290.32,6278.56,ns,,,,,
"Sum squares integer GMP 8_mean",10,7739.62,7717.72,ns,,,,,
"Sum squares integer GMP 8_median",10,7937.07,7920.93,ns,,,,,
"Sum squares integer GMP 8_stddev",10,901.033,894.664,ns,,,,,
"Sum squares integer GMP 8_cv",10,1.16418e+07,1.15923e+07,ns,,,,,
"Sum squares integer CLN 120",50879,15643.2,15576.2,ns,,,,,
"Sum squares integer CLN 120",50879,16734.8,16720.2,ns,,,,,
"Sum squares integer CLN 120",50879,16417.6,16377.7,ns,,,,,
"Sum squares integer CLN 120",50879,19294.2,19220.2,ns,,,,,
"Sum squares integer CLN 120",50879,17395.2,17341,ns,,,,,
"Sum squares integer CLN 120",50879,16273,16235.8,ns,,,,,
"Sum squares integer CLN 120",50879,17628.8,17595.5,ns,,,,,
"Sum squares integer CLN 120",50879,17555.6,17518.2,ns,,,,,
"Sum squares integer CLN 120",50879,17996.4,17974.5,ns,,,,,
"Sum squares integer CLN 120",50879,13141.3,13132,ns,,,,,
"Sum squares integer CLN 120_mean",10,16808,16769.1,ns,,,,,
"Sum squares integer CLN 120_median",10,17065,17030.6,ns,,,,,
"Sum squares integer CLN 120_stddev",10,1647.1,1637.2,ns,,,,,
"Sum squares integer CLN 120_cv",10,9.79948e+06,9.76319e+06,ns,,,,,
"Sum squares integer MPL int_container2 8",130199,5227.17,5183.52,ns,,,,,
"Sum squares integer MPL int_container2 8",130199,4255.6,4244.86,ns,,,,,
"Sum squares integer MPL int_container2 8",130199,4212.41,4204.57,ns,,,,,
"Sum squares integer MPL int_container2 8",130199,4519.67,4504.36,ns,,,,,
"Sum squares integer MPL int_container2 8",130199,4125.74,4115.75,ns,,,,,
"Sum squares integer MPL int_container2 8",130199,5347.4,5314.26,ns,,,,,
"Sum squares integer MPL int_container2 8",130199,4055.11,4027.41,ns,,,,,
"Sum squares integer MPL int_container2 8",130199,4318.13,4307.51,ns,,,,,
"Sum squares integer MPL int_container2 8",130199,4737.56,4732.26,ns,,,,,
"Sum squares integer MPL int_container2 8",130199,3719.17,3715.34,ns,,,,,
"Sum squares integer MPL int_container2 8_mean",10,4451.8,4434.98,ns,,,,,
"Sum squares integer MPL int_container2 8_median",10,4286.87,4276.18,ns,,,,,
"Sum squares integer MPL int_container2 8_stddev",10,516.792,507.502,ns,,,,,
"Sum squares integer MPL int_container2 8_cv",10,1.16086e+07,1.14431e+07,ns,,,,,
"Sum squares integer CLN 152",41974,17465.9,17387.5,ns,,,,,
"Sum squares integer CLN 152",41974,16205.7,16122.7,ns,,,,,
"Sum squares integer CLN 152",41974,16953.1,16914.4,ns,,,,,
"Sum squares integer CLN 152",41974,17494.8,17462.6,ns,,,,,
"Sum squares integer CLN 152",41974,17901.2,17879.3,ns,,,,,
"Sum squares integer CLN 152",41974,18409.4,18383.7,ns,,,,,
"Sum squares integer CLN 152",41974,13693.7,13675.8,ns,,,,,
"Sum squares integer CLN 152",41974,18404.7,18373.7,ns,,,,,
"Sum squares integer CLN 152",41974,17569.7,17528.8,ns,,,,,
"Sum squares integer CLN 152",41974,13498.7,13480.4,ns,,,,,
"Sum squares integer CLN 152_mean",10,16759.7,16720.9,ns,,,,,
"Sum squares integer CLN 152_median",10,17480.4,17425.1,ns,,,,,
"Sum squares integer CLN 152_stddev",10,1789.01,1784.33,ns,,,,,
"Sum squares integer CLN 152_cv",10,1.06745e+07,1.06713e+07,ns,,,,,
"Sum squares integer MPL std::vector 56",69272,10314.8,10243.8,ns,,,,,
"Sum squares integer MPL std::vector 56",69272,9628.98,9614.2,ns,,,,,
"Sum squares integer MPL std::vector 56",69272,7844.63,7770.69,ns,,,,,
"Sum squares integer MPL std::vector 56",69272,8988.19,8961.64,ns,,,,,
"Sum squares integer MPL std::vector 56",69272,9161.38,9128.15,ns,,,,,
"Sum squares integer MPL std::vector 56",69272,10717.3,10672.7,ns,,,,,
"Sum squares integer MPL std::vector 56",69272,10496.3,10451.8,ns,,,,,
"Sum squares integer MPL std::vector 56",69272,8976.59,8961.15,ns,,,,,
"Sum squares integer MPL std::vector 56",69272,9204.94,9198.78,ns,,,,,
"Sum squares integer MPL std::vector 56",69272,7337.26,7321.7,ns,,,,,
"Sum squares integer MPL std::vector 56_mean",10,9267.04,9232.47,ns,,,,,
"Sum squares integer MPL std::vector 56_median",10,9183.16,9163.46,ns,,,,,
"Sum squares integer MPL std::vector 56_stddev",10,1093.8,1089.16,ns,,,,,
"Sum squares integer MPL std::vector 56_cv",10,1.18031e+07,1.17971e+07,ns,,,,,
"Sum squares integer MPL int_container3 96",72733,9300.2,9273.4,ns,,,,,
"Sum squares integer MPL int_container3 96",72733,8771.47,8704.32,ns,,,,,
"Sum squares integer MPL int_container3 96",72733,9706.11,9686.63,ns,,,,,
"Sum squares integer MPL int_container3 96",72733,9139.94,9125.39,ns,,,,,
"Sum squares integer MPL int_container3 96",72733,8807.37,8771.27,ns,,,,,
"Sum squares integer MPL int_container3 96",72733,8582.15,8513.52,ns,,,,,
"Sum squares integer MPL int_container3 96",72733,8870.08,8847.65,ns,,,,,
"Sum squares integer MPL int_container3 96",72733,9188.32,9175.85,ns,,,,,
"Sum squares integer MPL int_container3 96",72733,7133.62,7129.51,ns,,,,,
"Sum squares integer MPL int_container3 96",72733,7381.08,7367.92,ns,,,,,
"Sum squares integer MPL int_container3 96_mean",10,8688.03,8659.55,ns,,,,,
"Sum squares integer MPL int_container3 96_median",10,8838.73,8809.46,ns,,,,,
"Sum squares integer MPL int_container3 96_stddev",10,820.271,816.21,ns,,,,,
"Sum squares integer MPL int_container3 96_cv",10,9.44138e+06,9.42555e+06,ns,,,,,
"Sum squares integer MPL int_container2 144",40693,17627.9,17592.2,ns,,,,,
"Sum squares integer MPL int_container2 144",40693,16402.5,16354.6,ns,,,,,
"Sum squares integer MPL int_container2 144",40693,16268.5,16234.1,ns,,,,,
"Sum squares integer MPL int_container2 144",40693,15531.1,15498.3,ns,,,,,
"Sum squares integer MPL int_container2 144",40693,15244.3,15220.5,ns,,,,,
"Sum squares integer MPL int_container2 144",40693,19093.9,18969,ns,,,,,
"Sum squares integer MPL int_container2 144",40693,13561.3,13458.1,ns,,,,,
"Sum squares integer MPL int_container2 144",40693,15727.9,15696.9,ns,,,,,
"Sum squares integer MPL int_container2 144",40693,12851.5,12829.7,ns,,,,,
"Sum squares integer MPL int_container2 144",40693,12521.7,12500.9,ns,,,,,
"Sum squares integer MPL int_container2 144_mean",10,15483.1,15435.4,ns,,,,,
"Sum squares integer MPL int_container2 144_median",10,15629.5,15597.6,ns,,,,,
"Sum squares integer MPL int_container2 144_stddev",10,2071.19,2056.17,ns,,,,,
"Sum squares integer MPL int_container2 144_cv",10,1.33771e+07,1.33211e+07,ns,,,,,
"Sum squares integer MPL int_container2 152",44768,16159.7,16110.8,ns,,,,,
"Sum squares integer MPL int_container2 152",44768,17392.3,17357.4,ns,,,,,
"Sum squares integer MPL int_container2 152",44768,16694.2,16554.5,ns,,,,,
"Sum squares integer MPL int_container2 152",44768,16664.2,16554,ns,,,,,
"Sum squares integer MPL int_container2 152",44768,19401.8,19349.2,ns,,,,,
"Sum squares integer MPL int_container2 152",44768,16529.5,16480.3,ns,,,,,
"Sum squares integer MPL int_container2 152",44768,17262.4,17206.9,ns,,,,,
"Sum squares integer MPL int_container2 152",44768,16903.4,16883.2,ns,,,,,
"Sum squares integer MPL int_container2 152",44768,16587.8,16556.6,ns,,,,,
"Sum squares integer MPL int_container2 152",44768,12771.4,12751.5,ns,,,,,
"Sum squares integer MPL int_container2 152_mean",10,16636.7,16580.4,ns,,,,,
"Sum squares integer MPL int_container2 152_median",10,16679.2,16555.6,ns,,,,,
"Sum squares integer MPL int_container2 152_stddev",10,1628.41,1620.95,ns,,,,,
"Sum squares integer MPL int_container2 152_cv",10,9.78807e+06,9.7763e+06,ns,,,,,
"Sum squares integer MPL int_container3 80",77475,8906.73,8888.22,ns,,,,,
"Sum squares integer MPL int_container3 80",77475,9143.19,9113.16,ns,,,,,
"Sum squares integer MPL int_container3 80",77475,8730.73,8703.49,ns,,,,,
"Sum squares integer MPL int_container3 80",77475,9062.16,9043.9,ns,,,,,
"Sum squares integer MPL int_container3 80",77475,7786.06,7762.04,ns,,,,,
"Sum squares integer MPL int_container3 80",77475,9294.19,9267.6,ns,,,,,
"Sum squares integer MPL int_container3 80",77475,9199.06,9187.91,ns,,,,,
"Sum squares integer MPL int_container3 80",77475,9207.46,9194.99,ns,,,,,
"Sum squares integer MPL int_container3 80",77475,7385.07,7378.39,ns,,,,,
"Sum squares integer MPL int_container3 80",77475,7324.57,7319.15,ns,,,,,
"Sum squares integer MPL int_container3 80_mean",10,8603.92,8585.88,ns,,,,,
"Sum squares integer MPL int_container3 80_median",10,8984.45,8966.06,ns,,,,,
"Sum squares integer MPL int_container3 80_stddev",10,788.439,784.048,ns,,,,,
"Sum squares integer MPL int_container3 80_cv",10,9.16372e+06,9.13183e+06,ns,,,,,
"Sum squares integer GMP 80",86360,8447.99,8436.42,ns,,,,,
"Sum squares integer GMP 80",86360,8271.57,8244.18,ns,,,,,
"Sum squares integer GMP 80",86360,8780.72,8740.68,ns,,,,,
"Sum squares integer GMP 80",86360,8167.3,8148.05,ns,,,,,
"Sum squares integer GMP 80",86360,8570.33,8540.56,ns,,,,,
"Sum squares integer GMP 80",86360,8058.52,8045.74,ns,,,,,
"Sum squares integer GMP 80",86360,9035.26,9013.13,ns,,,,,
"Sum squares integer GMP 80",86360,8193.95,8169.75,ns,,,,,
"Sum squares integer GMP 80",86360,6544.8,6539.06,ns,,,,,
"Sum squares integer GMP 80",86360,6780.91,6757.01,ns,,,,,
"Sum squares integer GMP 80_mean",10,8085.14,8063.46,ns,,,,,
"Sum squares integer GMP 80_median",10,8232.76,8206.97,ns,,,,,
"Sum squares integer GMP 80_stddev",10,808.383,803.415,ns,,,,,
"Sum squares integer GMP 80_cv",10,9.99839e+06,9.96365e+06,ns,,,,,
"Sum squares integer MPL std::vector 64",91993,7810.64,7790.31,ns,,,,,
"Sum squares integer MPL std::vector 64",91993,9491.55,9472.55,ns,,,,,
"Sum squares integer MPL std::vector 64",91993,9057.01,9028.68,ns,,,,,
"Sum squares integer MPL std::vector 64",91993,9349.35,9318.84,ns,,,,,
"Sum squares integer MPL std::vector 64",91993,9826.18,9799.21,ns,,,,,
"Sum squares integer MPL std::vector 64",91993,10680.7,10604.9,ns,,,,,
"Sum squares integer MPL std::vector 64",91993,9917.08,9894.58,ns,,,,,
"Sum squares integer MPL std::vector 64",91993,7841.26,7810.18,ns,,,,,
"Sum squares integer MPL std::vector 64",91993,7593.53,7584.63,ns,,,,,
"Sum squares integer MPL std::vector 64",91993,7090.99,7088.38,ns,,,,,
"Sum squares integer MPL std::vector 64_mean",10,8865.82,8839.22,ns,,,,,
"Sum squares integer MPL std::vector 64_median",10,9203.18,9173.76,ns,,,,,
"Sum squares integer MPL std::vector 64_stddev",10,1197.91,1184.09,ns,,,,,
"Sum squares integer MPL std::vector 64_cv",10,1.35115e+07,1.33958e+07,ns,,,,,
"Sum squares integer MPL int_container3 128",74764,10096.7,10087.8,ns,,,,,
"Sum squares integer MPL int_container3 128",74764,10667.6,10323.1,ns,,,,,
"Sum squares integer MPL int_container3 128",74764,10128.5,10061.1,ns,,,,,
"Sum squares integer MPL int_container3 128",74764,10216.8,10189.5,ns,,,,,
"Sum squares integer MPL int_container3 128",74764,9850.48,9827.38,ns,,,,,
"Sum squares integer MPL int_container3 128",74764,8210.62,8204.38,ns,,,,,
"Sum squares integer MPL int_container3 128",74764,10106.3,10094.4,ns,,,,,
"Sum squares integer MPL int_container3 128",74764,8006.13,7996.4,ns,,,,,
"Sum squares integer MPL int_container3 128",74764,8031.84,8007.13,ns,,,,,
"Sum squares integer MPL int_container3 128",74764,7786.14,7782.49,ns,,,,,
"Sum squares integer MPL int_container3 128_mean",10,9310.11,9257.38,ns,,,,,
"Sum squares integer MPL int_container3 128_median",10,9973.57,9944.24,ns,,,,,
"Sum squares integer MPL int_container3 128_stddev",10,1142.36,1095.61,ns,,,,,
"Sum squares integer MPL int_container3 128_cv",10,1.22701e+07,1.1835e+07,ns,,,,,
"Sum squares integer MPL std::vector 120",60872,11716,11693.4,ns,,,,,
"Sum squares integer MPL std::vector 120",60872,10850.5,10805.2,ns,,,,,
"Sum squares integer MPL std::vector 120",60872,8795.59,8721.83,ns,,,,,
"Sum squares integer MPL std::vector 120",60872,10670.6,10633.1,ns,,,,,
"Sum squares integer MPL std::vector 120",60872,10417.5,10376.4,ns,,,,,
"Sum squares integer MPL std::vector 120",60872,11160.2,11103.6,ns,,,,,
"Sum squares integer MPL std::vector 120",60872,10611.9,10601.9,ns,,,,,
"Sum squares integer MPL std::vector 120",60872,8378.05,8373.29,ns,,,,,
"Sum squares integer MPL std::vector 120",60872,8694.37,8687.71,ns,,,,,
"Sum squares integer MPL std::vector 120",60872,7833.63,7830.14,ns,,,,,
"Sum squares integer MPL std::vector 120_mean",10,9912.83,9882.65,ns,,,,,
"Sum squares integer MPL std::vector 120_median",10,10514.7,10489.2,ns,,,,,
"Sum squares integer MPL std::vector 120_stddev",10,1350.54,1342.1,ns,,,,,
"Sum squares integer MPL std::vector 120_cv",10,1.36241e+07,1.35804e+07,ns,,,,,
"Sum squares integer MPL int_container2 128",56978,12363.8,12342.7,ns,,,,,
"Sum squares integer MPL int_container2 128",56978,16495.8,16456.5,ns,,,,,
"Sum squares integer MPL int_container2 128",56978,15774.6,15728,ns,,,,,
"Sum squares integer MPL int_container2 128",56978,16837,16810.5,ns,,,,,
"Sum squares integer MPL int_container2 128",56978,14412.8,14393.3,ns,,,,,
"Sum squares integer MPL int_container2 128",56978,15489.9,15460.1,ns,,,,,
"Sum squares integer MPL int_container2 128",56978,15014.2,14983.9,ns,,,,,
"Sum squares integer MPL int_container2 128",56978,16448.6,16417,ns,,,,,
"Sum squares integer MPL int_container2 128",56978,12267.6,12251.1,ns,,,,,
"Sum squares integer MPL int_container2 128",56978,11391.3,11383.9,ns,,,,,
"Sum squares integer MPL int_container2 128_mean",10,14649.6,14622.7,ns,,,,,
"Sum squares integer MPL int_container2 128_median",10,15252,15222,ns,,,,,
"Sum squares integer MPL int_container2 128_stddev",10,1975,1966.04,ns,,,,,
"Sum squares integer MPL int_container2 128_cv",10,1.34816e+07,1.34451e+07,ns,,,,,
"Sum squares integer MPL int_container3 24",278144,2489.96,2483.97,ns,,,,,
"Sum squares integer MPL int_container3 24",278144,2153.81,2149.03,ns,,,,,
"Sum squares integer MPL int_container3 24",278144,2300.92,2293.19,ns,,,,,
"Sum squares integer MPL int_container3 24",278144,2396.32,2370.52,ns,,,,,
"Sum squares integer MPL int_container3 24",278144,2242.69,2240.21,ns,,,,,
"Sum squares integer MPL int_container3 24",278144,2282.25,2276.73,ns,,,,,
"Sum squares integer MPL int_container3 24",278144,2294.23,2290.94,ns,,,,,
"Sum squares integer MPL int_container3 24",278144,2276.58,2271.98,ns,,,,,
"Sum squares integer MPL int_container3 24",278144,1864.64,1861.54,ns,,,,,
"Sum squares integer MPL int_container3 24",278144,1944.67,1928.5,ns,,,,,
"Sum squares integer MPL int_container3 24_mean",10,2224.61,2216.66,ns,,,,,
"Sum squares integer MPL int_container3 24_median",10,2279.41,2274.35,ns,,,,,
"Sum squares integer MPL int_container3 24_stddev",10,191.451,190.743,ns,,,,,
"Sum squares integer MPL int_container3 24_cv",10,8.60604e+06,8.60495e+06,ns,,,,,
"Sum squares integer GMP 136",74044,9142.66,9133.76,ns,,,,,
"Sum squares integer GMP 136",74044,8659.16,8654.33,ns,,,,,
"Sum squares integer GMP 136",74044,8197.31,8177.85,ns,,,,,
"Sum squares integer GMP 136",74044,8068.22,8041.14,ns,,,,,
"Sum squares integer GMP 136",74044,9974.79,9919.52,ns,,,,,
"Sum squares integer GMP 136",74044,6967.41,6949.25,ns,,,,,
"Sum squares integer GMP 136",74044,8079.89,8069.39,ns,,,,,
"Sum squares integer GMP 136",74044,8166.52,8158.35,ns,,,,,
"Sum squares integer GMP 136",74044,8773.27,8756.91,ns,,,,,
"Sum squares integer GMP 136",74044,13981.5,13096,ns,,,,,
"Sum squares integer GMP 136_mean",10,9001.08,8895.65,ns,,,,,
"Sum squares integer GMP 136_median",10,8428.23,8416.09,ns,,,,,
"Sum squares integer GMP 136_stddev",10,1918.89,1669.52,ns,,,,,
"Sum squares integer GMP 136_cv",10,2.13184e+07,1.87678e+07,ns,,,,,
"Sum squares integer CLN 88",40995,17118.9,17086.9,ns,,,,,
"Sum squares integer CLN 88",40995,19832.3,19547.7,ns,,,,,
"Sum squares integer CLN 88",40995,18209.2,18179.5,ns,,,,,
"Sum squares integer CLN 88",40995,16766.1,16725.7,ns,,,,,
"Sum squares integer CLN 88",40995,17450.5,17437.5,ns,,,,,
"Sum squares integer CLN 88",40995,17355.7,17334.7,ns,,,,,
"Sum squares integer CLN 88",40995,12943.5,12929.3,ns,,,,,
"Sum squares integer CLN 88",40995,13092.7,13072.5,ns,,,,,
"Sum squares integer CLN 88",40995,15675.9,15494.1,ns,,,,,
"Sum squares integer CLN 88",40995,15731.3,15512.5,ns,,,,,
"Sum squares integer CLN 88_mean",10,16417.6,16332.1,ns,,,,,
"Sum squares integer CLN 88_median",10,16942.5,16906.3,ns,,,,,
"Sum squares integer CLN 88_stddev",10,2149.3,2115.64,ns,,,,,
"Sum squares integer CLN 88_cv",10,1.30914e+07,1.29539e+07,ns,,,,,
"Sum squares integer MPL int_container2 64",97603,6863,6847.04,ns,,,,,
"Sum squares integer MPL int_container2 64",97603,6493.74,6473.73,ns,,,,,
"Sum squares integer MPL int_container2 64",97603,6435.57,6409.83,ns,,,,,
"Sum squares integer MPL int_container2 64",97603,5612.21,5598.33,ns,,,,,
"Sum squares integer MPL int_container2 64",97603,6260.34,6194.76,ns,,,,,
"Sum squares integer MPL int_container2 64",97603,7853.69,7839.47,ns,,,,,
"Sum squares integer MPL int_container2 64",97603,6370.46,6357.97,ns,,,,,
"Sum squares integer MPL int_container2 64",97603,5316.1,5313.51,ns,,,,,
"Sum squares integer MPL int_container2 64",97603,8533,8336.32,ns,,,,,
"Sum squares integer MPL int_container2 64",97603,6037.48,5906.1,ns,,,,,
"Sum squares integer MPL int_container2 64_mean",10,6577.56,6527.71,ns,,,,,
"Sum squares integer MPL int_container2 64_median",10,6403.02,6383.9,ns,,,,,
"Sum squares integer MPL int_container2 64_stddev",10,972.928,941.315,ns,,,,,
"Sum squares integer MPL int_container2 64_cv",10,1.47916e+07,1.44203e+07,ns,,,,,
"Sum squares integer MPL std::vector 136",64994,10619.2,10587.9,ns,,,,,
"Sum squares integer MPL std::vector 136",64994,10111.4,10089.7,ns,,,,,
"Sum squares integer MPL std::vector 136",64994,11068.7,11051.1,ns,,,,,
"Sum squares integer MPL std::vector 136",64994,13050,13010.2,ns,,,,,
"Sum squares integer MPL std::vector 136",64994,11277,11231.1,ns,,,,,
"Sum squares integer MPL std::vector 136",64994,9280.29,9263.53,ns,,,,,
"Sum squares integer MPL std::vector 136",64994,12599.7,12537.4,ns,,,,,
"Sum squares integer MPL std::vector 136",64994,11462.7,11404.6,ns,,,,,
"Sum squares integer MPL std::vector 136",64994,11056.3,11047.6,ns,,,,,
"Sum squares integer MPL std::vector 136",64994,9664.86,9224.05,ns,,,,,
"Sum squares integer MPL std::vector 136_mean",10,11019,10944.7,ns,,,,,
"Sum squares integer MPL std::vector 136_median",10,11062.5,11049.4,ns,,,,,
"Sum squares integer MPL std::vector 136_stddev",10,1189.36,1236.65,ns,,,,,
"Sum squares integer MPL std::vector 136_cv",10,1.07937e+07,1.12991e+07,ns,,,,,
"Sum squares integer MPL int_container3 64",85723,9387.64,9359.74,ns,,,,,
"Sum squares integer MPL int_container3 64",85723,9299.46,9268.39,ns,,,,,
"Sum squares integer MPL int_container3 64",85723,9512.14,9475.09,ns,,,,,
"Sum squares integer MPL int_container3 64",85723,9123.59,9105.08,ns,,,,,
"Sum squares integer MPL int_container3 64",85723,7819.7,7728.37,ns,,,,,
"Sum squares integer MPL int_container3 64",85723,8744.9,8730.75,ns,,,,,
"Sum squares integer MPL int_container3 64",85723,7059.36,7055.03,ns,,,,,
"Sum squares integer MPL int_container3 64",85723,7174.2,7168.93,ns,,,,,
"Sum squares integer MPL int_container3 64",85723,7061.28,7048.26,ns,,,,,
"Sum squares integer MPL int_container3 64",85723,7153.92,7129.55,ns,,,,,
"Sum squares integer MPL int_container3 64_mean",10,8233.62,8206.92,ns,,,,,
"Sum squares integer MPL int_container3 64_median",10,8282.3,8229.56,ns,,,,,
"Sum squares integer MPL int_container3 64_stddev",10,1073.34,1068.83,ns,,,,,
"Sum squares integer MPL int_container3 64_cv",10,1.30361e+07,1.30235e+07,ns,,,,,
"Sum squares integer MPL std::vector 16",75744,9566.08,9539.24,ns,,,,,
"Sum squares integer MPL std::vector 16",75744,8398.24,8372.44,ns,,,,,
"Sum squares integer MPL std::vector 16",75744,8795.35,8754.77,ns,,,,,
"Sum squares integer MPL std::vector 16",75744,9674.53,9627.51,ns,,,,,
"Sum squares integer MPL std::vector 16",75744,8445.34,8378.76,ns,,,,,
"Sum squares integer MPL std::vector 16",75744,8829.45,8805.52,ns,,,,,
"Sum squares integer MPL std::vector 16",75744,9268.24,9256.47,ns,,,,,
"Sum squares integer MPL std::vector 16",75744,6771.84,6764.76,ns,,,,,
"Sum squares integer MPL std::vector 16",75744,6792.01,6783.14,ns,,,,,
"Sum squares integer MPL std::vector 16",75744,6914.02,6901.35,ns,,,,,
"Sum squares integer MPL std::vector 16_mean",10,8345.51,8318.39,ns,,,,,
"Sum squares integer MPL std::vector 16_median",10,8620.34,8566.76,ns,,,,,
"Sum squares integer MPL std::vector 16_stddev",10,1130.18,1120.38,ns,,,,,
"Sum squares integer MPL std::vector 16_cv",10,1.35424e+07,1.34687e+07,ns,,,,,
"Sum squares integer CLN 128",40455,17409.2,17396.2,ns,,,,,
"Sum squares integer CLN 128",40455,17007.4,16956.8,ns,,,,,
"Sum squares integer CLN 128",40455,15936.8,15901,ns,,,,,
"Sum squares integer CLN 128",40455,16984.2,16959.6,ns,,,,,
"Sum squares integer CLN 128",40455,17658.6,17602.3,ns,,,,,
"Sum squares integer CLN 128",40455,16794.5,16739.2,ns,,,,,
"Sum squares integer CLN 128",40455,16962.5,16932.8,ns,,,,,
"Sum squares integer CLN 128",40455,17155.7,17113.8,ns,,,,,
"Sum squares integer CLN 128",40455,13484.7,13462.6,ns,,,,,
"Sum squares integer CLN 128",40455,13483.6,13458.4,ns,,,,,
"Sum squares integer CLN 128_mean",10,16287.7,16252.3,ns,,,,,
"Sum squares integer CLN 128_median",10,16973.4,16944.8,ns,,,,,
"Sum squares integer CLN 128_stddev",10,1543.77,1537.74,ns,,,,,
"Sum squares integer CLN 128_cv",10,9.47813e+06,9.46172e+06,ns,,,,,
"Sum squares integer MPL int_container3 32",292139,2372.49,2366.13,ns,,,,,
"Sum squares integer MPL int_container3 32",292139,2324.68,2318.65,ns,,,,,
"Sum squares integer MPL int_container3 32",292139,2410.13,2403.37,ns,,,,,
"Sum squares integer MPL int_container3 32",292139,2331.35,2322.29,ns,,,,,
"Sum squares integer MPL int_container3 32",292139,2709.12,2707.28,ns,,,,,
"Sum squares integer MPL int_container3 32",292139,1996.21,1986.69,ns,,,,,
"Sum squares integer MPL int_container3 32",292139,2459.64,2453.16,ns,,,,,
"Sum squares integer MPL int_container3 32",292139,2351.97,2345.99,ns,,,,,
"Sum squares integer MPL int_container3 32",292139,1843.02,1840.66,ns,,,,,
"Sum squares integer MPL int_container3 32",292139,1964.42,1952.08,ns,,,,,
"Sum squares integer MPL int_container3 32_mean",10,2276.3,2269.63,ns,,,,,
"Sum squares integer MPL int_container3 32_median",10,2341.66,2334.14,ns,,,,,
"Sum squares integer MPL int_container3 32_stddev",10,263.03,264.225,ns,,,,,
"Sum squares integer MPL int_container3 32_cv",10,1.15551e+07,1.16418e+07,ns,,,,,
"Sum squares integer MPL int_container2 88",78969,8316.14,8279.76,ns,,,,,
"Sum squares integer MPL int_container2 88",78969,7638.6,7631.77,ns,,,,,
"Sum squares integer MPL int_container2 88",78969,7781.91,7761.79,ns,,,,,
"Sum squares integer MPL int_container2 88",78969,7035.55,7020.24,ns,,,,,
"Sum squares integer MPL int_container2 88",78969,7395.31,7373.4,ns,,,,,
"Sum squares integer MPL int_container2 88",78969,6954.46,6941.51,ns,,,,,
"Sum squares integer MPL int_container2 88",78969,8124.07,8053.08,ns,,,,,
"Sum squares integer MPL int_container2 88",78969,7846.35,7814.48,ns,,,,,
"Sum squares integer MPL int_container2 88",78969,7625.7,7616.32,ns,,,,,
"Sum squares integer MPL int_container2 88",78969,5906.32,5904.71,ns,,,,,
"Sum squares integer MPL int_container2 88_mean",10,7462.44,7439.71,ns,,,,,
"Sum squares integer MPL int_container2 88_median",10,7632.15,7624.04,ns,,,,,
"Sum squares integer MPL int_container2 88_stddev",10,694.422,681.417,ns,,,,,
"Sum squares integer MPL int_container2 88_cv",10,9.30556e+06,9.15919e+06,ns,,,,,
"Sum squares integer CLN 64",38651,16529.4,16484.3,ns,,,,,
"Sum squares integer CLN 64",38651,15597.2,15560.1,ns,,,,,
"Sum squares integer CLN 64",38651,16440.2,16402.1,ns,,,,,
"Sum squares integer CLN 64",38651,13954.3,13906.2,ns,,,,,
"Sum squares integer CLN 64",38651,14254.3,14222,ns,,,,,
"Sum squares integer CLN 64",38651,15131,14973,ns,,,,,
"Sum squares integer CLN 64",38651,16452.7,16401.5,ns,,,,,
"Sum squares integer CLN 64",38651,16265.5,16231.8,ns,,,,,
"Sum squares integer CLN 64",38651,17427.3,17418.4,ns,,,,,
"Sum squares integer CLN 64",38651,12625.1,12622.5,ns,,,,,
"Sum squares integer CLN 64_mean",10,15467.7,15422.2,ns,,,,,
"Sum squares integer CLN 64_median",10,15931.3,15896,ns,,,,,
"Sum squares integer CLN 64_stddev",10,1471.69,1471.4,ns,,,,,
"Sum squares integer CLN 64_cv",10,9.51459e+06,9.54081e+06,ns,,,,,
"Sum squares integer GMP 32",82024,8292.73,8266.6,ns,,,,,
"Sum squares integer GMP 32",82024,7842.99,7822.09,ns,,,,,
"Sum squares integer GMP 32",82024,8089.38,8070.56,ns,,,,,
"Sum squares integer GMP 32",82024,8167.62,8152.46,ns,,,,,
"Sum squares integer GMP 32",82024,7618.73,7590.29,ns,,,,,
"Sum squares integer GMP 32",82024,9403.31,9390.68,ns,,,,,
"Sum squares integer GMP 32",82024,8472.73,8431.96,ns,,,,,
"Sum squares integer GMP 32",82024,6840.25,6811.34,ns,,,,,
"Sum squares integer GMP 32",82024,8246.92,8231.52,ns,,,,,
"Sum squares integer GMP 32",82024,6485.33,6478.54,ns,,,,,
"Sum squares integer GMP 32_mean",10,7946,7924.6,ns,,,,,
"Sum squares integer GMP 32_median",10,8128.5,8111.51,ns,,,,,
"Sum squares integer GMP 32_stddev",10,827.017,826.23,ns,,,,,
"Sum squares integer GMP 32_cv",10,1.0408e+07,1.04261e+07,ns,,,,,
"Sum squares integer GMP 64",80397,8624.85,8612.82,ns,,,,,
"Sum squares integer GMP 64",80397,7910.92,7847.84,ns,,,,,
"Sum squares integer GMP 64",80397,8395.34,8372.46,ns,,,,,
"Sum squares integer GMP 64",80397,7563.01,7550.29,ns,,,,,
"Sum squares integer GMP 64",80397,7829.14,7810.55,ns,,,,,
"Sum squares integer GMP 64",80397,7867.01,7848.15,ns,,,,,
"Sum squares integer GMP 64",80397,8063.21,8049.36,ns,,,,,
"Sum squares integer GMP 64",80397,6557.54,6546.44,ns,,,,,
"Sum squares integer GMP 64",80397,6678.82,6654.66,ns,,,,,
"Sum squares integer GMP 64",80397,6620.97,6607.12,ns,,,,,
"Sum squares integer GMP 64_mean",10,7611.08,7589.97,ns,,,,,
"Sum squares integer GMP 64_median",10,7848.07,7829.2,ns,,,,,
"Sum squares integer GMP 64_stddev",10,746.238,744.064,ns,,,,,
"Sum squares integer GMP 64_cv",10,9.80462e+06,9.80326e+06,ns,,,,,
"Sum squares integer MPL int_container2 16",153720,4255.15,4243.53,ns,,,,,
"Sum squares integer MPL int_container2 16",153720,4421.29,4410.1,ns,,,,,
"Sum squares integer MPL int_container2 16",153720,4176.78,4152.47,ns,,,,,
"Sum squares integer MPL int_container2 16",153720,4667.55,4654.11,ns,,,,,
"Sum squares integer MPL int_container2 16",153720,4581.83,4567.42,ns,,,,,
"Sum squares integer MPL int_container2 16",153720,4694.7,4688.89,ns,,,,,
"Sum squares integer MPL int_container2 16",153720,4735.4,4724.84,ns,,,,,
"Sum squares integer MPL int_container2 16",153720,4600.31,4581.11,ns,,,,,
"Sum squares integer MPL int_container2 16",153720,4963.69,4951.13,ns,,,,,
"Sum squares integer MPL int_container2 16",153720,3746,3741.91,ns,,,,,
"Sum squares integer MPL int_container2 16_mean",10,4484.27,4471.55,ns,,,,,
"Sum squares integer MPL int_container2 16_median",10,4591.07,4574.26,ns,,,,,
"Sum squares integer MPL int_container2 16_stddev",10,347.982,347.35,ns,,,,,
"Sum squares integer MPL int_container2 16_cv",10,7.76007e+06,7.76799e+06,ns,,,,,
"Sum squares integer MPL std::vector 88",64611,10045.7,10034.7,ns,,,,,
"Sum squares integer MPL std::vector 88",64611,10196,10175.5,ns,,,,,
"Sum squares integer MPL std::vector 88",64611,10228.7,10214,ns,,,,,
"Sum squares integer MPL std::vector 88",64611,10181.4,10132,ns,,,,,
"Sum squares integer MPL std::vector 88",64611,10080.3,10050.7,ns,,,,,
"Sum squares integer MPL std::vector 88",64611,10283.8,10261.6,ns,,,,,
"Sum squares integer MPL std::vector 88",64611,9894.08,9880.07,ns,,,,,
"Sum squares integer MPL std::vector 88",64611,7784.11,7777.36,ns,,,,,
"Sum squares integer MPL std::vector 88",64611,7641.62,7637.54,ns,,,,,
"Sum squares integer MPL std::vector 88",64611,7508.98,7501.96,ns,,,,,
"Sum squares integer MPL std::vector 88_mean",10,9384.47,9366.54,ns,,,,,
"Sum squares integer MPL std::vector 88_median",10,10063,10042.7,ns,,,,,
"Sum squares integer MPL std::vector 88_stddev",10,1207.04,1198.59,ns,,,,,
"Sum squares integer MPL std::vector 88_cv",10,1.28621e+07,1.27965e+07,ns,,,,,
"Sum squares integer MPL int_container3 16",325404,2233.53,2214.92,ns,,,,,
"Sum squares integer MPL int_container3 16",325404,2344.25,2338.35,ns,,,,,
"Sum squares integer MPL int_container3 16",325404,2547.71,2539.38,ns,,,,,
"Sum squares integer MPL int_container3 16",325404,2435.81,2429.21,ns,,,,,
"Sum squares integer MPL int_container3 16",325404,2029.4,2017.85,ns,,,,,
"Sum squares integer MPL int_container3 16",325404,2380.86,2375.85,ns,,,,,
"Sum squares integer MPL int_container3 16",325404,2513.96,2505.7,ns,,,,,
"Sum squares integer MPL int_container3 16",325404,1905.83,1896.15,ns,,,,,
"Sum squares integer MPL int_container3 16",325404,1944.75,1934.51,ns,,,,,
"Sum squares integer MPL int_container3 16",325404,1779.15,1773.28,ns,,,,,
"Sum squares integer MPL int_container3 16_mean",10,2211.53,2202.52,ns,,,,,
"Sum squares integer MPL int_container3 16_median",10,2288.89,2276.63,ns,,,,,
"Sum squares integer MPL int_container3 16_stddev",10,276.146,276.778,ns,,,,,
"Sum squares integer MPL int_container3 16_cv",10,1.24867e+07,1.25664e+07,ns,,,,,
"Sum squares integer GMP 112",75847,8871.92,8833.7,ns,,,,,
"Sum squares integer GMP 112",75847,9023.83,8998.06,ns,,,,,
"Sum squares integer GMP 112",75847,8946.45,8913.95,ns,,,,,
"Sum squares integer GMP 112",75847,9073.53,8989.64,ns,,,,,
"Sum squares integer GMP 112",75847,8687.34,8669.6,ns,,,,,
"Sum squares integer GMP 112",75847,8495.87,8481.51,ns,,,,,
"Sum squares integer GMP 112",75847,6698.73,6689.53,ns,,,,,
"Sum squares integer GMP 112",75847,6717.06,6704.3,ns,,,,,
"Sum squares integer GMP 112",75847,6575.33,6572.67,ns,,,,,
"Sum squares integer GMP 112",75847,6071.04,6067.02,ns,,,,,
"Sum squares integer GMP 112_mean",10,7916.11,7892,ns,,,,,
"Sum squares integer GMP 112_median",10,8591.6,8575.55,ns,,,,,
"Sum squares integer GMP 112_stddev",10,1229.02,1212.86,ns,,,,,
"Sum squares integer GMP 112_cv",10,1.55256e+07,1.53683e+07,ns,,,,,
"Sum squares integer MPL int_container2 160",41306,18686.7,18657.8,ns,,,,,
"Sum squares integer MPL int_container2 160",41306,16821.2,16793.6,ns,,,,,
"Sum squares integer MPL int_container2 160",41306,17296.5,17253.7,ns,,,,,
"Sum squares integer MPL int_container2 160",41306,16917.5,16867.5,ns,,,,,
"Sum squares integer MPL int_container2 160",41306,17373.2,17335.5,ns,,,,,
"Sum squares integer MPL int_container2 160",41306,16864.5,16844.3,ns,,,,,
"Sum squares integer MPL int_container2 160",41306,16574.5,16539.3,ns,,,,,
"Sum squares integer MPL int_container2 160",41306,17241.1,17114.3,ns,,,,,
"Sum squares integer MPL int_container2 160",41306,11993.2,11989,ns,,,,,
"Sum squares integer MPL int_container2 160",41306,12330.9,12327,ns,,,,,
"Sum squares integer MPL int_container2 160_mean",10,16209.9,16172.2,ns,,,,,
"Sum squares integer MPL int_container2 160_median",10,16891,16855.9,ns,,,,,
"Sum squares integer MPL int_container2 160_stddev",10,2210.94,2194.19,ns,,,,,
"Sum squares integer MPL int_container2 160_cv",10,1.36394e+07,1.35676e+07,ns,,,,,
"Sum squares integer MPL int_container2 120",41660,16578.9,16506.3,ns,,,,,
"Sum squares integer MPL int_container2 120",41660,16020.4,15994.4,ns,,,,,
"Sum squares integer MPL int_container2 120",41660,15896.1,15877.9,ns,,,,,
"Sum squares integer MPL int_container2 120",41660,15076.7,15038.3,ns,,,,,
"Sum squares integer MPL int_container2 120",41660,15159.2,15125.6,ns,,,,,
"Sum squares integer MPL int_container2 120",41660,15154.7,15110.8,ns,,,,,
"Sum squares integer MPL int_container2 120",41660,16405.6,16307.6,ns,,,,,
"Sum squares integer MPL int_container2 120",41660,16372.4,16339.5,ns,,,,,
"Sum squares integer MPL int_container2 120",41660,12293.9,12274,ns,,,,,
"Sum squares integer MPL int_container2 120",41660,12562.7,12542,ns,,,,,
"Sum squares integer MPL int_container2 120_mean",10,15152.1,15111.6,ns,,,,,
"Sum squares integer MPL int_container2 120_median",10,15527.6,15501.7,ns,,,,,
"Sum squares integer MPL int_container2 120_stddev",10,1537.81,1524.26,ns,,,,,
"Sum squares integer MPL int_container2 120_cv",10,1.01492e+07,1.00867e+07,ns,,,,,
"Sum squares integer GMP 48",78111,9123.96,9070.73,ns,,,,,
"Sum squares integer GMP 48",78111,7997.55,7982.9,ns,,,,,
"Sum squares integer GMP 48",78111,8596.27,8501.38,ns,,,,,
"Sum squares integer GMP 48",78111,9081.43,9028.36,ns,,,,,
"Sum squares integer GMP 48",78111,6855.24,6839.7,ns,,,,,
"Sum squares integer GMP 48",78111,8559.74,8497.01,ns,,,,,
"Sum squares integer GMP 48",78111,6510.2,6500.83,ns,,,,,
"Sum squares integer GMP 48",78111,6500.16,6488.73,ns,,,,,
"Sum squares integer GMP 48",78111,6419.09,6410.6,ns,,,,,
"Sum squares integer GMP 48",78111,6222.47,6215.62,ns,,,,,
"Sum squares integer GMP 48_mean",10,7586.61,7553.58,ns,,,,,
"Sum squares integer GMP 48_median",10,7426.4,7411.3,ns,,,,,
"Sum squares integer GMP 48_stddev",10,1194.02,1168.94,ns,,,,,
"Sum squares integer GMP 48_cv",10,1.57385e+07,1.54753e+07,ns,,,,,
"Sum squares integer CLN 40",42672,15876.3,15825.4,ns,,,,,
"Sum squares integer CLN 40",42672,15966,15940.3,ns,,,,,
"Sum squares integer CLN 40",42672,15529.5,15472.2,ns,,,,,
"Sum squares integer CLN 40",42672,18727.2,18661.5,ns,,,,,
"Sum squares integer CLN 40",42672,16189.9,16145,ns,,,,,
"Sum squares integer CLN 40",42672,16726.2,16707.2,ns,,,,,
"Sum squares integer CLN 40",42672,15730.4,15709.5,ns,,,,,
"Sum squares integer CLN 40",42672,12558.5,12542.4,ns,,,,,
"Sum squares integer CLN 40",42672,11309.1,11296.2,ns,,,,,
"Sum squares integer CLN 40",42672,11715.1,11710.5,ns,,,,,
"Sum squares integer CLN 40_mean",10,15032.8,15001,ns,,,,,
"Sum squares integer CLN 40_median",10,15803.4,15767.5,ns,,,,,
"Sum squares integer CLN 40_stddev",10,2384.34,2368.85,ns,,,,,
"Sum squares integer CLN 40_cv",10,1.58609e+07,1.57912e+07,ns,,,,,
"Sum squares integer MPL std::vector 40",58814,11091.4,11024.5,ns,,,,,
"Sum squares integer MPL std::vector 40",58814,9280,9253.8,ns,,,,,
"Sum squares integer MPL std::vector 40",58814,9891.58,9847.76,ns,,,,,
"Sum squares integer MPL std::vector 40",58814,8791.77,8767.11,ns,,,,,
"Sum squares integer MPL std::vector 40",58814,8965.7,8925.87,ns,,,,,
"Sum squares integer MPL std::vector 40",58814,8907.62,8826.84,ns,,,,,
"Sum squares integer MPL std::vector 40",58814,9634.11,9614.24,ns,,,,,
"Sum squares integer MPL std::vector 40",58814,7080.84,7078.45,ns,,,,,
"Sum squares integer MPL std::vector 40",58814,7328.28,7310.5,ns,,,,,
"Sum squares integer MPL std::vector 40",58814,6613.58,6612.25,ns,,,,,
"Sum squares integer MPL std::vector 40_mean",10,8758.49,8726.14,ns,,,,,
"Sum squares integer MPL std::vector 40_median",10,8936.66,8876.36,ns,,,,,
"Sum squares integer MPL std::vector 40_stddev",10,1386.13,1368.17,ns,,,,,
"Sum squares integer MPL std::vector 40_cv",10,1.58261e+07,1.5679e+07,ns,,,,,
"Sum squares integer MPL int_container2 136",54249,13473.6,13327.6,ns,,,,,
"Sum squares integer MPL int_container2 136",54249,17411.1,17372.7,ns,,,,,
"Sum squares integer MPL int_container2 136",54249,16555.1,16497.5,ns,,,,,
"Sum squares integer MPL int_container2 136",54249,19122.9,19087.8,ns,,,,,
"Sum squares integer MPL int_container2 136",54249,17122.5,17103.1,ns,,,,,
"Sum squares integer MPL int_container2 136",54249,16662.4,16642,ns,,,,,
"Sum squares integer MPL int_container2 136",54249,12871.6,12862.1,ns,,,,,
"Sum squares integer MPL int_container2 136",54249,12842.7,12792.6,ns,,,,,
"Sum squares integer MPL int_container2 136",54249,12442.4,12435.6,ns,,,,,
"Sum squares integer MPL int_container2 136",54249,12344.6,12341.9,ns,,,,,
"Sum squares integer MPL int_container2 136_mean",10,15084.9,15046.3,ns,,,,,
"Sum squares integer MPL int_container2 136_median",10,15014.4,14912.5,ns,,,,,
"Sum squares integer MPL int_container2 136_stddev",10,2528.34,2528.99,ns,,,,,
"Sum squares integer MPL int_container2 136_cv",10,1.67607e+07,1.68081e+07,ns,,,,,
"Sum squares integer GMP 16",110464,6410.4,6400.75,ns,,,,,
"Sum squares integer GMP 16",110464,7790.47,7774.74,ns,,,,,
"Sum squares integer GMP 16",110464,7892.62,7876.9,ns,,,,,
"Sum squares integer GMP 16",110464,7907.49,7897.31,ns,,,,,
"Sum squares integer GMP 16",110464,8278.9,8235.16,ns,,,,,
"Sum squares integer GMP 16",110464,6393.39,6387.97,ns,,,,,
"Sum squares integer GMP 16",110464,6305.02,6296.76,ns,,,,,
"Sum squares integer GMP 16",110464,6281.84,6275.97,ns,,,,,
"Sum squares integer GMP 16",110464,6356.86,6351.44,ns,,,,,
"Sum squares integer GMP 16",110464,6091.8,6089.13,ns,,,,,
"Sum squares integer GMP 16_mean",10,6970.88,6958.61,ns,,,,,
"Sum squares integer GMP 16_median",10,6401.9,6394.36,ns,,,,,
"Sum squares integer GMP 16_stddev",10,870.826,861.883,ns,,,,,
"Sum squares integer GMP 16_cv",10,1.24923e+07,1.23858e+07,ns,,,,,
"Sum squares integer CLN 72",51273,13690.9,13548.3,ns,,,,,
"Sum squares integer CLN 72",51273,14767,14726.5,ns,,,,,
"Sum squares integer CLN 72",51273,19151.1,19077.8,ns,,,,,
"Sum squares integer CLN 72",51273,16130.2,16080.4,ns,,,,,
"Sum squares integer CLN 72",51273,16991.8,16960.6,ns,,,,,
"Sum squares integer CLN 72",51273,17298.5,17283.2,ns,,,,,
"Sum squares integer CLN 72",51273,16499.5,16471.5,ns,,,,,
"Sum squares integer CLN 72",51273,14161,13741.9,ns,,,,,
"Sum squares integer CLN 72",51273,12929.9,12914.8,ns,,,,,
"Sum squares integer CLN 72",51273,12008.6,12006.4,ns,,,,,
"Sum squares integer CLN 72_mean",10,15362.9,15281.1,ns,,,,,
"Sum squares integer CLN 72_median",10,15448.6,15403.4,ns,,,,,
"Sum squares integer CLN 72_stddev",10,2221.04,2243.57,ns,,,,,
"Sum squares integer CLN 72_cv",10,1.44572e+07,1.46819e+07,ns,,,,,
"Sum squares integer MPL std::vector 32",99368,7674.79,7620.47,ns,,,,,
"Sum squares integer MPL std::vector 32",99368,9900.96,9859.23,ns,,,,,
"Sum squares integer MPL std::vector 32",99368,9134.36,9121.36,ns,,,,,
"Sum squares integer MPL std::vector 32",99368,9350.39,9298.41,ns,,,,,
"Sum squares integer MPL std::vector 32",99368,7288.75,7276.6,ns,,,,,
"Sum squares integer MPL std::vector 32",99368,9092.08,9070.33,ns,,,,,
"Sum squares integer MPL std::vector 32",99368,8545.28,8511.68,ns,,,,,
"Sum squares integer MPL std::vector 32",99368,8585.73,8546.93,ns,,,,,
"Sum squares integer MPL std::vector 32",99368,9417.09,9405.19,ns,,,,,
"Sum squares integer MPL std::vector 32",99368,6187.55,6183.34,ns,,,,,
"Sum squares integer MPL std::vector 32_mean",10,8517.7,8489.35,ns,,,,,
"Sum squares integer MPL std::vector 32_median",10,8838.9,8808.63,ns,,,,,
"Sum squares integer MPL std::vector 32_stddev",10,1144.15,1137.94,ns,,,,,
"Sum squares integer MPL std::vector 32_cv",10,1.34326e+07,1.34043e+07,ns,,,,,
"Sum squares integer MPL int_container2 40",122252,6313,6285.91,ns,,,,,
"Sum squares integer MPL int_container2 40",122252,5016.73,4971.02,ns,,,,,
"Sum squares integer MPL int_container2 40",122252,6116.35,6105,ns,,,,,
"Sum squares integer MPL int_container2 40",122252,5785.87,5763.98,ns,,,,,
"Sum squares integer MPL int_container2 40",122252,6496.15,6483.8,ns,,,,,
"Sum squares integer MPL int_container2 40",122252,4993.17,4985.54,ns,,,,,
"Sum squares integer MPL int_container2 40",122252,5018.32,5009.54,ns,,,,,
"Sum squares integer MPL int_container2 40",122252,4989.12,4976.54,ns,,,,,
"Sum squares integer MPL int_container2 40",122252,4530.4,4529.14,ns,,,,,
"Sum squares integer MPL int_container2 40",122252,4518.51,4513.24,ns,,,,,
"Sum squares integer MPL int_container2 40_mean",10,5377.76,5362.37,ns,,,,,
"Sum squares integer MPL int_container2 40_median",10,5017.52,4997.54,ns,,,,,
"Sum squares integer MPL int_container2 40_stddev",10,734.27,730.839,ns,,,,,
"Sum squares integer MPL int_container2 40_cv",10,1.36538e+07,1.3629e+07,ns,,,,,
"Sum squares integer GMP 88",99146,6884.32,6803.1,ns,,,,,
"Sum squares integer GMP 88",99146,7758.75,7744.11,ns,,,,,
"Sum squares integer GMP 88",99146,7334.99,7240.78,ns,,,,,
"Sum squares integer GMP 88",99146,8243.19,8219.24,ns,,,,,
"Sum squares integer GMP 88",99146,8568.67,8547.86,ns,,,,,
"Sum squares integer GMP 88",99146,8367.42,8358.84,ns,,,,,
"Sum squares integer GMP 88",99146,8496.21,8483.11,ns,,,,,
"Sum squares integer GMP 88",99146,6453.95,6445.78,ns,,,,,
"Sum squares integer GMP 88",99146,8037.29,7824.7,ns,,,,,
"Sum squares integer GMP 88",99146,5836.07,5833.63,ns,,,,,
"Sum squares integer GMP 88_mean",10,7598.09,7550.11,ns,,,,,
"Sum squares integer GMP 88_median",10,7898.02,7784.41,ns,,,,,
"Sum squares integer GMP 88_stddev",10,940.913,936.921,ns,,,,,
"Sum squares integer GMP 88_cv",10,1.23836e+07,1.24094e+07,ns,,,,,
"Sum squares integer MPL std::vector 72",70167,10348.1,10308.7,ns,,,,,
"Sum squares integer MPL std::vector 72",70167,10259.4,10224.3,ns,,,,,
"Sum squares integer MPL std::vector 72",70167,9144.78,9123.8,ns,,,,,
"Sum squares integer MPL std::vector 72",70167,9586.1,9550.2,ns,,,,,
"Sum squares integer MPL std::vector 72",70167,9291.32,9264.74,ns,,,,,
"Sum squares integer MPL std::vector 72",70167,9635.8,9613.05,ns,,,,,
"Sum squares integer MPL std::vector 72",70167,7546.5,7532.13,ns,,,,,
"Sum squares integer MPL std::vector 72",70167,7506.4,7477.82,ns,,,,,
"Sum squares integer MPL std::vector 72",70167,7675.28,7654.84,ns,,,,,
"Sum squares integer MPL std::vector 72",70167,6725.46,6722.02,ns,,,,,
"Sum squares integer MPL std::vector 72_mean",10,8771.91,8747.17,ns,,,,,
"Sum squares integer MPL std::vector 72_median",10,9218.05,9194.27,ns,,,,,
"Sum squares integer MPL std::vector 72_stddev",10,1291.37,1282.65,ns,,,,,
"Sum squares integer MPL std::vector 72_cv",10,1.47216e+07,1.46636e+07,ns,,,,,
"Sum squares integer MPL int_container2 72",115794,6694.01,6677.57,ns,,,,,
"Sum squares integer MPL int_container2 72",115794,6804.59,6781.66,ns,,,,,
"Sum squares integer MPL int_container2 72",115794,6729.26,6703.8,ns,,,,,
"Sum squares integer MPL int_container2 72",115794,6644.32,6616.77,ns,,,,,
"Sum squares integer MPL int_container2 72",115794,7779.14,7763.67,ns,,,,,
"Sum squares integer MPL int_container2 72",115794,6920.07,6901.1,ns,,,,,
"Sum squares integer MPL int_container2 72",115794,6870.84,6856.86,ns,,,,,
"Sum squares integer MPL int_container2 72",115794,5414.95,5406.14,ns,,,,,
"Sum squares integer MPL int_container2 72",115794,5615.39,5607.3,ns,,,,,
"Sum squares integer MPL int_container2 72",115794,4993.74,4990.5,ns,,,,,
"Sum squares integer MPL int_container2 72_mean",10,6446.63,6430.54,ns,,,,,
"Sum squares integer MPL int_container2 72_median",10,6711.64,6690.68,ns,,,,,
"Sum squares integer MPL int_container2 72_stddev",10,840.252,834.99,ns,,,,,
"Sum squares integer MPL int_container2 72_cv",10,1.3034e+07,1.29848e+07,ns,,,,,
"Sum squares integer MPL int_container2 48",110670,6213.51,6193.45,ns,,,,,
"Sum squares integer MPL int_container2 48",110670,5897.14,5878.76,ns,,,,,
"Sum squares integer MPL int_container2 48",110670,6502.8,6452.27,ns,,,,,
"Sum squares integer MPL int_container2 48",110670,6658.77,6630.23,ns,,,,,
"Sum squares integer MPL int_container2 48",110670,6407.4,6391.03,ns,,,,,
"Sum squares integer MPL int_container2 48",110670,5867.32,5856,ns,,,,,
"Sum squares integer MPL int_container2 48",110670,6105.86,6088.66,ns,,,,,
"Sum squares integer MPL int_container2 48",110670,4772.91,4768.26,ns,,,,,
"Sum squares integer MPL int_container2 48",110670,4749.38,4745,ns,,,,,
"Sum squares integer MPL int_container2 48",110670,4400.84,4400,ns,,,,,
"Sum squares integer MPL int_container2 48_mean",10,5757.59,5740.37,ns,,,,,
"Sum squares integer MPL int_container2 48_median",10,6001.5,5983.71,ns,,,,,
"Sum squares integer MPL int_container2 48_stddev",10,814.947,803.706,ns,,,,,
"Sum squares integer MPL int_container2 48_cv",10,1.41543e+07,1.40009e+07,ns,,,,,
"Sum squares integer MPL int_container3 144",69836,10648.6,10620.8,ns,,,,,
"Sum squares integer MPL int_container3 144",69836,10410.5,10393.3,ns,,,,,
"Sum squares integer MPL int_container3 144",69836,9985.48,9955.28,ns,,,,,
"Sum squares integer MPL int_container3 144",69836,10843.5,10797.3,ns,,,,,
"Sum squares integer MPL int_container3 144",69836,9722.93,9708.72,ns,,,,,
"Sum squares integer MPL int_container3 144",69836,10879.8,10871.1,ns,,,,,
"Sum squares integer MPL int_container3 144",69836,9683.43,9657.86,ns,,,,,
"Sum squares integer MPL int_container3 144",69836,10790.6,10778,ns,,,,,
"Sum squares integer MPL int_container3 144",69836,11040.8,9844.98,ns,,,,,
"Sum squares integer MPL int_container3 144",69836,7349.42,7344.03,ns,,,,,
"Sum squares integer MPL int_container3 144_mean",10,10135.5,9997.14,ns,,,,,
"Sum squares integer MPL int_container3 144_median",10,10529.6,10174.3,ns,,,,,
"Sum squares integer MPL int_container3 144_stddev",10,1095.56,1044.66,ns,,,,,
"Sum squares integer MPL int_container3 144_cv",10,1.08091e+07,1.04496e+07,ns,,,,,
"Sum squares integer GMP 128",81933,7998.12,7983.38,ns,,,,,
"Sum squares integer GMP 128",81933,9207.14,9128.21,ns,,,,,
"Sum squares integer GMP 128",81933,7760.9,7686.38,ns,,,,,
"Sum squares integer GMP 128",81933,9402.38,9382.62,ns,,,,,
"Sum squares integer GMP 128",81933,8744.2,8734.3,ns,,,,,
"Sum squares integer GMP 128",81933,8558.4,8546.67,ns,,,,,
"Sum squares integer GMP 128",81933,6700.72,6692.57,ns,,,,,
"Sum squares integer GMP 128",81933,6840.62,6812.29,ns,,,,,
"Sum squares integer GMP 128",81933,6728.35,6718.4,ns,,,,,
"Sum squares integer GMP 128",81933,5973.12,5972.25,ns,,,,,
"Sum squares integer GMP 128_mean",10,7791.4,7765.7,ns,,,,,
"Sum squares integer GMP 128_median",10,7879.51,7834.88,ns,,,,,
"Sum squares integer GMP 128_stddev",10,1186.46,1175.99,ns,,,,,
"Sum squares integer GMP 128_cv",10,1.52278e+07,1.51434e+07,ns,,,,,
"Sum squares integer CLN 48",45317,16340.5,16296.2,ns,,,,,
"Sum squares integer CLN 48",45317,16161,16128.8,ns,,,,,
"Sum squares integer CLN 48",45317,14181.8,14133.3,ns,,,,,
"Sum squares integer CLN 48",45317,15867.3,15798.3,ns,,,,,
"Sum squares integer CLN 48",45317,17016.5,16874.8,ns,,,,,
"Sum squares integer CLN 48",45317,17072.6,17038.9,ns,,,,,
"Sum squares integer CLN 48",45317,16574.3,16563.9,ns,,,,,
"Sum squares integer CLN 48",45317,11486.7,11479.6,ns,,,,,
"Sum squares integer CLN 48",45317,12840.6,12827.3,ns,,,,,
"Sum squares integer CLN 48",45317,11245.6,11239.2,ns,,,,,
"Sum squares integer CLN 48_mean",10,14878.7,14838,ns,,,,,
"Sum squares integer CLN 48_median",10,16014.1,15963.6,ns,,,,,
"Sum squares integer CLN 48_stddev",10,2269.64,2247.36,ns,,,,,
"Sum squares integer CLN 48_cv",10,1.52543e+07,1.51459e+07,ns,,,,,
"Sum squares integer MPL int_container3 48",97405,6989.3,6957.06,ns,,,,,
"Sum squares integer MPL int_container3 48",97405,8785.88,8724.12,ns,,,,,
"Sum squares integer MPL int_container3 48",97405,8202.54,8181.53,ns,,,,,
"Sum squares integer MPL int_container3 48",97405,8812.63,8805.11,ns,,,,,
"Sum squares integer MPL int_container3 48",97405,8342.5,8328.31,ns,,,,,
"Sum squares integer MPL int_container3 48",97405,8489.99,8483.73,ns,,,,,
"Sum squares integer MPL int_container3 48",97405,8585.9,8571.5,ns,,,,,
"Sum squares integer MPL int_container3 48",97405,6841.98,6838.32,ns,,,,,
"Sum squares integer MPL int_container3 48",97405,6828.98,6809.67,ns,,,,,
"Sum squares integer MPL int_container3 48",97405,6470.13,6451.25,ns,,,,,
"Sum squares integer MPL int_container3 48_mean",10,7834.98,7815.06,ns,,,,,
"Sum squares integer MPL int_container3 48_median",10,8272.52,8254.92,ns,,,,,
"Sum squares integer MPL int_container3 48_stddev",10,932.242,930.031,ns,,,,,
"Sum squares integer MPL int_container3 48_cv",10,1.18985e+07,1.19005e+07,ns,,,,,
"Sum squares integer MPL std::vector 80",71025,10097.6,10087.1,ns,,,,,
"Sum squares integer MPL std::vector 80",71025,10581.6,10550.8,ns,,,,,
"Sum squares integer MPL std::vector 80",71025,9722.19,9698.63,ns,,,,,
"Sum squares integer MPL std::vector 80",71025,9822.41,9800.77,ns,,,,,
"Sum squares integer MPL std::vector 80",71025,9887.97,9867.69,ns,,,,,
"Sum squares integer MPL std::vector 80",71025,9772.85,9744.5,ns,,,,,
"Sum squares integer MPL std::vector 80",71025,11214.2,11141.1,ns,,,,,
"Sum squares integer MPL std::vector 80",71025,7864.19,7852.22,ns,,,,,
"Sum squares integer MPL std::vector 80",71025,8108.92,8073.24,ns,,,,,
"Sum squares integer MPL std::vector 80",71025,8161.24,8137.51,ns,,,,,
"Sum squares integer MPL std::vector 80_mean",10,9523.3,9495.36,ns,,,,,
"Sum squares integer MPL std::vector 80_median",10,9797.63,9772.64,ns,,,,,
"Sum squares integer MPL std::vector 80_stddev",10,1117.6,1109.25,ns,,,,,
"Sum squares integer MPL std::vector 80_cv",10,1.17354e+07,1.1682e+07,ns,,,,,
"Sum squares integer CLN 136",42740,18059.9,18023.1,ns,,,,,
"Sum squares integer CLN 136",42740,16977.4,16947.2,ns,,,,,
"Sum squares integer CLN 136",42740,14920.3,14866.8,ns,,,,,
"Sum squares integer CLN 136",42740,18944.1,18830.4,ns,,,,,
"Sum squares integer CLN 136",42740,17628.4,17544.1,ns,,,,,
"Sum squares integer CLN 136",42740,18432.8,18409.9,ns,,,,,
"Sum squares integer CLN 136",42740,13608.7,13581.5,ns,,,,,
"Sum squares integer CLN 136",42740,13642.3,13616.6,ns,,,,,
"Sum squares integer CLN 136",42740,13473.9,13455.9,ns,,,,,
"Sum squares integer CLN 136",42740,13256.7,13253.6,ns,,,,,
"Sum squares integer CLN 136_mean",10,15894.5,15852.9,ns,,,,,
"Sum squares integer CLN 136_median",10,15948.8,15907,ns,,,,,
"Sum squares integer CLN 136_stddev",10,2325.59,2304.73,ns,,,,,
"Sum squares integer CLN 136_cv",10,1.46315e+07,1.45382e+07,ns,,,,,
"Sum squares integer MPL int_container3 160",82336,8605.91,8586.88,ns,,,,,
"Sum squares integer MPL int_container3 160",82336,9792.93,9666.21,ns,,,,,
"Sum squares integer MPL int_container3 160",82336,10622.3,10596.1,ns,,,,,
"Sum squares integer MPL int_container3 160",82336,10338.5,10309.5,ns,,,,,
"Sum squares integer MPL int_container3 160",82336,10405.3,10353.7,ns,,,,,
"Sum squares integer MPL int_container3 160",82336,11745.3,11699.2,ns,,,,,
"Sum squares integer MPL int_container3 160",82336,9598.19,9513.12,ns,,,,,
"Sum squares integer MPL int_container3 160",82336,11168.1,11144.7,ns,,,,,
"Sum squares integer MPL int_container3 160",82336,8622.39,8616.86,ns,,,,,
"Sum squares integer MPL int_container3 160",82336,8198.72,8197.7,ns,,,,,
"Sum squares integer MPL int_container3 160_mean",10,9909.77,9868.39,ns,,,,,
"Sum squares integer MPL int_container3 160_median",10,10065.7,9987.86,ns,,,,,
"Sum squares integer MPL int_container3 160_stddev",10,1168.37,1159.85,ns,,,,,
"Sum squares integer MPL int_container3 160_cv",10,1.179e+07,1.17532e+07,ns,,,,,
"Sum squares integer MPL std::vector 160",56412,12224.5,12187.3,ns,,,,,
"Sum squares integer MPL std::vector 160",56412,10679.8,10649.5,ns,,,,,
"Sum squares integer MPL std::vector 160",56412,9673.71,9649.38,ns,,,,,
"Sum squares integer MPL std::vector 160",56412,12152.8,12100.3,ns,,,,,
"Sum squares integer MPL std::vector 160",56412,11960,11908.9,ns,,,,,
"Sum squares integer MPL std::vector 160",56412,11497.2,11472,ns,,,,,
"Sum squares integer MPL std::vector 160",56412,10764,10747.7,ns,,,,,
"Sum squares integer MPL std::vector 160",56412,11597.8,11584.1,ns,,,,,
"Sum squares integer MPL std::vector 160",56412,9609.7,9542.97,ns,,,,,
"Sum squares integer MPL std::vector 160",56412,11759.9,11692.5,ns,,,,,
"Sum squares integer MPL std::vector 160_mean",10,11191.9,11153.5,ns,,,,,
"Sum squares integer MPL std::vector 160_median",10,11547.5,11528,ns,,,,,
"Sum squares integer MPL std::vector 160_stddev",10,966.881,965.406,ns,,,,,
"Sum squares integer MPL std::vector 160_cv",10,8.63909e+06,8.65566e+06,ns,,,,,
"Sum squares integer MPL std::vector 104",57511,8981.43,8924.45,ns,,,,,
"Sum squares integer MPL std::vector 104",57511,10424.5,10374.6,ns,,,,,
"Sum squares integer MPL std::vector 104",57511,10819.7,10798.7,ns,,,,,
"Sum squares integer MPL std::vector 104",57511,8251.66,8214.5,ns,,,,,
"Sum squares integer MPL std::vector 104",57511,12145.5,12121.1,ns,,,,,
"Sum squares integer MPL std::vector 104",57511,12025.3,11914.3,ns,,,,,
"Sum squares integer MPL std::vector 104",57511,10296.7,10274.3,ns,,,,,
"Sum squares integer MPL std::vector 104",57511,10648.1,10622.4,ns,,,,,
"Sum squares integer MPL std::vector 104",57511,8030.04,8019.82,ns,,,,,
"Sum squares integer MPL std::vector 104",57511,9540.94,9511.33,ns,,,,,
"Sum squares integer MPL std::vector 104_mean",10,10116.4,10077.5,ns,,,,,
"Sum squares integer MPL std::vector 104_median",10,10360.6,10324.4,ns,,,,,
"Sum squares integer MPL std::vector 104_stddev",10,1418.74,1408.27,ns,,,,,
"Sum squares integer MPL std::vector 104_cv",10,1.40242e+07,1.39743e+07,ns,,,,,
"Sum squares integer MPL int_container2 104",53097,12266.3,12160.8,ns,,,,,
"Sum squares integer MPL int_container2 104",53097,15919.7,15903.1,ns,,,,,
"Sum squares integer MPL int_container2 104",53097,15894.2,15867.7,ns,,,,,
"Sum squares integer MPL int_container2 104",53097,14818.6,14771.9,ns,,,,,
"Sum squares integer MPL int_container2 104",53097,14182.6,14158.3,ns,,,,,
"Sum squares integer MPL int_container2 104",53097,14896.2,14859,ns,,,,,
"Sum squares integer MPL int_container2 104",53097,15283.2,15252.9,ns,,,,,
"Sum squares integer MPL int_container2 104",53097,11884.9,11867.7,ns,,,,,
"Sum squares integer MPL int_container2 104",53097,11945.5,11923.3,ns,,,,,
"Sum squares integer MPL int_container2 104",53097,11735.5,11718.9,ns,,,,,
"Sum squares integer MPL int_container2 104_mean",10,13882.7,13848.4,ns,,,,,
"Sum squares integer MPL int_container2 104_median",10,14500.6,14465.1,ns,,,,,
"Sum squares integer MPL int_container2 104_stddev",10,1735.8,1740.17,ns,,,,,
"Sum squares integer MPL int_container2 104_cv",10,1.25034e+07,1.25659e+07,ns,,,,,
"Sum squares integer MPL std::vector 152",57970,11631.4,11566,ns,,,,,
"Sum squares integer MPL std::vector 152",57970,10300.1,10273.7,ns,,,,,
"Sum squares integer MPL std::vector 152",57970,10696.3,10650.8,ns,,,,,
"Sum squares integer MPL std::vector 152",57970,12489.7,12409.7,ns,,,,,
"Sum squares integer MPL std::vector 152",57970,10892.6,10882.5,ns,,,,,
"Sum squares integer MPL std::vector 152",57970,11065.2,11044.2,ns,,,,,
"Sum squares integer MPL std::vector 152",57970,10664.7,10637,ns,,,,,
"Sum squares integer MPL std::vector 152",57970,8443.83,8441.31,ns,,,,,
"Sum squares integer MPL std::vector 152",57970,8995.89,8971.83,ns,,,,,
"Sum squares integer MPL std::vector 152",57970,8841.15,8800.83,ns,,,,,
"Sum squares integer MPL std::vector 152_mean",10,10402.1,10367.8,ns,,,,,
"Sum squares integer MPL std::vector 152_median",10,10680.5,10643.9,ns,,,,,
"Sum squares integer MPL std::vector 152_stddev",10,1289.45,1273.86,ns,,,,,
"Sum squares integer MPL std::vector 152_cv",10,1.23961e+07,1.22867e+07,ns,,,,,
"Sum squares integer CLN 160",39804,17786.4,17747.9,ns,,,,,
"Sum squares integer CLN 160",39804,20114.5,19871.3,ns,,,,,
"Sum squares integer CLN 160",39804,15317.4,15152.3,ns,,,,,
"Sum squares integer CLN 160",39804,17515.8,17481.6,ns,,,,,
"Sum squares integer CLN 160",39804,17126.7,17110.7,ns,,,,,
"Sum squares integer CLN 160",39804,17262.6,17238,ns,,,,,
"Sum squares integer CLN 160",39804,14132.8,14091.9,ns,,,,,
"Sum squares integer CLN 160",39804,12113.4,12111,ns,,,,,
"Sum squares integer CLN 160",39804,14046.2,14007.2,ns,,,,,
"Sum squares integer CLN 160",39804,13884.3,13868.3,ns,,,,,
"Sum squares integer CLN 160_mean",10,15930,15868,ns,,,,,
"Sum squares integer CLN 160_median",10,16222,16131.5,ns,,,,,
"Sum squares integer CLN 160_stddev",10,2417.16,2376.46,ns,,,,,
"Sum squares integer CLN 160_cv",10,1.51736e+07,1.49764e+07,ns,,,,,
"Sum squares integer MPL int_container2 56",101216,6010.93,5993.69,ns,,,,,
"Sum squares integer MPL int_container2 56",101216,5233.69,5202.67,ns,,,,,
"Sum squares integer MPL int_container2 56",101216,5944.07,5936.11,ns,,,,,
"Sum squares integer MPL int_container2 56",101216,6272.47,6267.04,ns,,,,,
"Sum squares integer MPL int_container2 56",101216,6267.27,6256.38,ns,,,,,
"Sum squares integer MPL int_container2 56",101216,4957.06,4950.04,ns,,,,,
"Sum squares integer MPL int_container2 56",101216,4790.9,4789.87,ns,,,,,
"Sum squares integer MPL int_container2 56",101216,4926.5,4917.58,ns,,,,,
"Sum squares integer MPL int_container2 56",101216,5079.71,5060.63,ns,,,,,
"Sum squares integer MPL int_container2 56",101216,4909.17,4905.59,ns,,,,,
"Sum squares integer MPL int_container2 56_mean",10,5439.18,5427.96,ns,,,,,
"Sum squares integer MPL int_container2 56_median",10,5156.7,5131.65,ns,,,,,
"Sum squares integer MPL int_container2 56_stddev",10,608.26,607.657,ns,,,,,
"Sum squares integer MPL int_container2 56_cv",10,1.11829e+07,1.11949e+07,ns,,,,,
"Sum squares integer MPL std::vector 48",58306,11500.2,11412.3,ns,,,,,
"Sum squares integer MPL std::vector 48",58306,9632.33,9523.57,ns,,,,,
"Sum squares integer MPL std::vector 48",58306,10145,10121.2,ns,,,,,
"Sum squares integer MPL std::vector 48",58306,10787.1,10715,ns,,,,,
"Sum squares integer MPL std::vector 48",58306,7442.19,7431.81,ns,,,,,
"Sum squares integer MPL std::vector 48",58306,9568.15,9557.54,ns,,,,,
"Sum squares integer MPL std::vector 48",58306,9253.56,9233.63,ns,,,,,
"Sum squares integer MPL std::vector 48",58306,7286.89,7277.76,ns,,,,,
"Sum squares integer MPL std::vector 48",58306,7297.01,7273.88,ns,,,,,
"Sum squares integer MPL std::vector 48",58306,7436.31,7426.2,ns,,,,,
"Sum squares integer MPL std::vector 48_mean",10,9034.87,8997.28,ns,,,,,
"Sum squares integer MPL std::vector 48_median",10,9410.86,9378.6,ns,,,,,
"Sum squares integer MPL std::vector 48_stddev",10,1571.89,1546.98,ns,,,,,
"Sum squares integer MPL std::vector 48_cv",10,1.7398e+07,1.71939e+07,ns,,,,,
"Sum squares integer MPL int_container3 88",73960,9199.64,9181.03,ns,,,,,
"Sum squares integer MPL int_container3 88",73960,8094.61,8005.76,ns,,,,,
"Sum squares integer MPL int_container3 88",73960,8940.06,8927.04,ns,,,,,
"Sum squares integer MPL int_container3 88",73960,9120.82,9101.38,ns,,,,,
"Sum squares integer MPL int_container3 88",73960,10230.8,10192,ns,,,,,
"Sum squares integer MPL int_container3 88",73960,9280.52,9270.54,ns,,,,,
"Sum squares integer MPL int_container3 88",73960,9308.14,9297.05,ns,,,,,
"Sum squares integer MPL int_container3 88",73960,7358.31,7351.92,ns,,,,,
"Sum squares integer MPL int_container3 88",73960,14442.4,12615.3,ns,,,,,
"Sum squares integer MPL int_container3 88",73960,7380.32,7370.47,ns,,,,,
"Sum squares integer MPL int_container3 88_mean",10,9335.57,9131.25,ns,,,,,
"Sum squares integer MPL int_container3 88_median",10,9160.23,9141.2,ns,,,,,
"Sum squares integer MPL int_container3 88_stddev",10,2010.5,1523.49,ns,,,,,
"Sum squares integer MPL int_container3 88_cv",10,2.15359e+07,1.66843e+07,ns,,,,,
"Sum squares integer MPL int_container3 56",78622,8963.02,8938.54,ns,,,,,
"Sum squares integer MPL int_container3 56",78622,8179.67,8146.42,ns,,,,,
"Sum squares integer MPL int_container3 56",78622,8541.53,8525.4,ns,,,,,
"Sum squares integer MPL int_container3 56",78622,8882.52,8860.04,ns,,,,,
"Sum squares integer MPL int_container3 56",78622,8632.45,8593.6,ns,,,,,
"Sum squares integer MPL int_container3 56",78622,8415.48,8398.96,ns,,,,,
"Sum squares integer MPL int_container3 56",78622,6767.26,6764.6,ns,,,,,
"Sum squares integer MPL int_container3 56",78622,6468.04,6462.25,ns,,,,,
"Sum squares integer MPL int_container3 56",78622,6804.65,6797.54,ns,,,,,
"Sum squares integer MPL int_container3 56",78622,6777.42,6766.32,ns,,,,,
"Sum squares integer MPL int_container3 56_mean",10,7843.21,7825.37,ns,,,,,
"Sum squares integer MPL int_container3 56_median",10,8297.57,8272.69,ns,,,,,
"Sum squares integer MPL int_container3 56_stddev",10,1008.23,999.074,ns,,,,,
"Sum squares integer MPL int_container3 56_cv",10,1.28548e+07,1.27671e+07,ns,,,,,
"Sum squares integer GMP 120",70677,9854.81,9799.65,ns,,,,,
"Sum squares integer GMP 120",70677,8156.18,8128.19,ns,,,,,
"Sum squares integer GMP 120",70677,8607.1,8593.43,ns,,,,,
"Sum squares integer GMP 120",70677,8525.41,8510.08,ns,,,,,
"Sum squares integer GMP 120",70677,9300.21,9263.3,ns,,,,,
"Sum squares integer GMP 120",70677,6712.02,6703.35,ns,,,,,
"Sum squares integer GMP 120",70677,6281.29,6278,ns,,,,,
"Sum squares integer GMP 120",70677,6571.76,6567.53,ns,,,,,
"Sum squares integer GMP 120",70677,6767.41,6747.39,ns,,,,,
"Sum squares integer GMP 120",70677,6580.44,6575.85,ns,,,,,
"Sum squares integer GMP 120_mean",10,7735.66,7716.68,ns,,,,,
"Sum squares integer GMP 120_median",10,7461.8,7437.79,ns,,,,,
"Sum squares integer GMP 120_stddev",10,1303.34,1289.12,ns,,,,,
"Sum squares integer GMP 120_cv",10,1.68485e+07,1.67057e+07,ns,,,,,
"Sum squares integer CLN 104",51099,16653,16606.5,ns,,,,,
"Sum squares integer CLN 104",51099,17630.3,17521.8,ns,,,,,
"Sum squares integer CLN 104",51099,14433.5,14369.7,ns,,,,,
"Sum squares integer CLN 104",51099,16425,16401.3,ns,,,,,
"Sum squares integer CLN 104",51099,17070.9,17045.8,ns,,,,,
"Sum squares integer CLN 104",51099,13372.9,13362.2,ns,,,,,
"Sum squares integer CLN 104",51099,13814.4,13803,ns,,,,,
"Sum squares integer CLN 104",51099,12423.7,12420.3,ns,,,,,
"Sum squares integer CLN 104",51099,13999.8,13955.7,ns,,,,,
"Sum squares integer CLN 104",51099,12103.2,12100.5,ns,,,,,
"Sum squares integer CLN 104_mean",10,14792.7,14758.7,ns,,,,,
"Sum squares integer CLN 104_median",10,14216.6,14162.7,ns,,,,,
"Sum squares integer CLN 104_stddev",10,1998.44,1976.86,ns,,,,,
"Sum squares integer CLN 104_cv",10,1.35097e+07,1.33946e+07,ns,,,,,
"Sum squares integer GMP 40",95619,8042.38,8011.62,ns,,,,,
"Sum squares integer GMP 40",95619,7890.85,7865.88,ns,,,,,
"Sum squares integer GMP 40",95619,8103.81,8089.14,ns,,,,,
"Sum squares integer GMP 40",95619,8143.95,8130.32,ns,,,,,
"Sum squares integer GMP 40",95619,8086.53,8069.97,ns,,,,,
"Sum squares integer GMP 40",95619,7854.18,7847.47,ns,,,,,
"Sum squares integer GMP 40",95619,6439.7,6428.4,ns,,,,,
"Sum squares integer GMP 40",95619,6526.77,6511.44,ns,,,,,
"Sum squares integer GMP 40",95619,7967.24,7939.13,ns,,,,,
"Sum squares integer GMP 40",95619,6567.87,6555.44,ns,,,,,
"Sum squares integer GMP 40_mean",10,7562.33,7544.88,ns,,,,,
"Sum squares integer GMP 40_median",10,7929.05,7902.51,ns,,,,,
"Sum squares integer GMP 40_stddev",10,731.468,728.474,ns,,,,,
"Sum squares integer GMP 40_cv",10,9.67252e+06,9.65521e+06,ns,,,,,
"Sum squares integer CLN 112",38283,18155.3,18091.8,ns,,,,,
"Sum squares integer CLN 112",38283,17258.5,17210.8,ns,,,,,
"Sum squares integer CLN 112",38283,16202.5,16136.5,ns,,,,,
"Sum squares integer CLN 112",38283,14713.8,14679.8,ns,,,,,
"Sum squares integer CLN 112",38283,15427.7,15273.1,ns,,,,,
"Sum squares integer CLN 112",38283,18338.5,18320.4,ns,,,,,
"Sum squares integer CLN 112",38283,18162.5,18150.2,ns,,,,,
"Sum squares integer CLN 112",38283,18058.7,17991.1,ns,,,,,
"Sum squares integer CLN 112",38283,13687.9,13627.2,ns,,,,,
"Sum squares integer CLN 112",38283,13494.6,13478.9,ns,,,,,
"Sum squares integer CLN 112_mean",10,16350,16296,ns,,,,,
"Sum squares integer CLN 112_median",10,16730.5,16673.6,ns,,,,,
"Sum squares integer CLN 112_stddev",10,1915.83,1921.05,ns,,,,,
"Sum squares integer CLN 112_cv",10,1.17176e+07,1.17885e+07,ns,,,,,
"Sum squares integer GMP 152",88354,8041.98,7979.72,ns,,,,,
"Sum squares integer GMP 152",88354,8254.69,8229.29,ns,,,,,
"Sum squares integer GMP 152",88354,7909.79,7899.93,ns,,,,,
"Sum squares integer GMP 152",88354,8833.17,8807.13,ns,,,,,
"Sum squares integer GMP 152",88354,9825.18,9813.09,ns,,,,,
"Sum squares integer GMP 152",88354,8962.27,8937.55,ns,,,,,
"Sum squares integer GMP 152",88354,8664.9,8629.93,ns,,,,,
"Sum squares integer GMP 152",88354,8704.01,8659.95,ns,,,,,
"Sum squares integer GMP 152",88354,6953.37,6931.31,ns,,,,,
"Sum squares integer GMP 152",88354,6773.16,6769.02,ns,,,,,
"Sum squares integer GMP 152_mean",10,8292.25,8265.69,ns,,,,,
"Sum squares integer GMP 152_median",10,8459.8,8429.61,ns,,,,,
"Sum squares integer GMP 152_stddev",10,925.584,922.833,ns,,,,,
"Sum squares integer GMP 152_cv",10,1.1162e+07,1.11646e+07,ns,,,,,
"Sum squares integer CLN 8",596959,1117.67,1115.32,ns,,,,,
"Sum squares integer CLN 8",596959,1098.23,1095.56,ns,,,,,
"Sum squares integer CLN 8",596959,1098.19,1096.2,ns,,,,,
"Sum squares integer CLN 8",596959,1109.54,1106.48,ns,,,,,
"Sum squares integer CLN 8",596959,1064.13,1062,ns,,,,,
"Sum squares integer CLN 8",596959,1069.87,1068.65,ns,,,,,
"Sum squares integer CLN 8",596959,1108.94,1107.81,ns,,,,,
"Sum squares integer CLN 8",596959,863.071,862.664,ns,,,,,
"Sum squares integer CLN 8",596959,872.77,871.919,ns,,,,,
"Sum squares integer CLN 8",596959,871.547,871.212,ns,,,,,
"Sum squares integer CLN 8_mean",10,1027.4,1025.78,ns,,,,,
"Sum squares integer CLN 8_median",10,1084.03,1082.11,ns,,,,,
"Sum squares integer CLN 8_stddev",10,110.519,109.752,ns,,,,,
"Sum squares integer CLN 8_cv",10,1.07572e+07,1.06993e+07,ns,,,,,
"Sum squares integer GMP 72",74613,8452.83,8421.49,ns,,,,,
"Sum squares integer GMP 72",74613,8788.9,8761.33,ns,,,,,
"Sum squares integer GMP 72",74613,8120.54,8104.18,ns,,,,,
"Sum squares integer GMP 72",74613,7389.73,7336.84,ns,,,,,
"Sum squares integer GMP 72",74613,7664.71,7582.12,ns,,,,,
"Sum squares integer GMP 72",74613,8671.66,8650.82,ns,,,,,
"Sum squares integer GMP 72",74613,8775.06,8756.79,ns,,,,,
"Sum squares integer GMP 72",74613,8282.78,8265.38,ns,,,,,
"Sum squares integer GMP 72",74613,8247.37,8236.38,ns,,,,,
"Sum squares integer GMP 72",74613,6510.87,6506,ns,,,,,
"Sum squares integer GMP 72_mean",10,8090.44,8062.13,ns,,,,,
"Sum squares integer GMP 72_median",10,8265.08,8250.88,ns,,,,,
"Sum squares integer GMP 72_stddev",10,719.221,722.539,ns,,,,,
"Sum squares integer GMP 72_cv",10,8.88976e+06,8.96213e+06,ns,,,,,
"Sum squares integer MPL std::vector 8",79492,8489.39,8462.15,ns,,,,,
"Sum squares integer MPL std::vector 8",79492,8328.57,8296.94,ns,,,,,
"Sum squares integer MPL std::vector 8",79492,9014.37,8880,ns,,,,,
"Sum squares integer MPL std::vector 8",79492,9183.84,9164.14,ns,,,,,
"Sum squares integer MPL std::vector 8",79492,8127.96,8037.65,ns,,,,,
"Sum squares integer MPL std::vector 8",79492,7973.26,7951.28,ns,,,,,
"Sum squares integer MPL std::vector 8",79492,6840.76,6828.74,ns,,,,,
"Sum squares integer MPL std::vector 8",79492,6822.02,6808.19,ns,,,,,
"Sum squares integer MPL std::vector 8",79492,6267.59,6265.15,ns,,,,,
"Sum squares integer MPL std::vector 8",79492,6928.71,6902.12,ns,,,,,
"Sum squares integer MPL std::vector 8_mean",10,7797.65,7759.63,ns,,,,,
"Sum squares integer MPL std::vector 8_median",10,8050.61,7994.46,ns,,,,,
"Sum squares integer MPL std::vector 8_stddev",10,1014.66,992.457,ns,,,,,
"Sum squares integer MPL std::vector 8_cv",10,1.30124e+07,1.279e+07,ns,,,,,
"Sum squares integer GMP 160",80681,9245.28,9227.07,ns,,,,,
"Sum squares integer GMP 160",80681,7346.46,7246.58,ns,,,,,
"Sum squares integer GMP 160",80681,9052.28,9007.14,ns,,,,,
"Sum squares integer GMP 160",80681,8881.12,8863.87,ns,,,,,
"Sum squares integer GMP 160",80681,9580.17,9564.21,ns,,,,,
"Sum squares integer GMP 160",80681,8803.08,8791.56,ns,,,,,
"Sum squares integer GMP 160",80681,6824.09,6813.8,ns,,,,,
"Sum squares integer GMP 160",80681,6785.27,6780.7,ns,,,,,
"Sum squares integer GMP 160",80681,6815.15,6811.98,ns,,,,,
"Sum squares integer GMP 160",80681,6758.32,6753.45,ns,,,,,
"Sum squares integer GMP 160_mean",10,8009.12,7986.04,ns,,,,,
"Sum squares integer GMP 160_median",10,8074.77,8019.07,ns,,,,,
"Sum squares integer GMP 160_stddev",10,1192.87,1190.91,ns,,,,,
"Sum squares integer GMP 160_cv",10,1.48939e+07,1.49124e+07,ns,,,,,
"Sum squares integer MPL int_container3 120",63561,10128.1,10108.1,ns,,,,,
"Sum squares integer MPL int_container3 120",63561,9916.38,9826.95,ns,,,,,
"Sum squares integer MPL int_container3 120",63561,9457.9,9433.88,ns,,,,,
"Sum squares integer MPL int_container3 120",63561,8167.52,8160.49,ns,,,,,
"Sum squares integer MPL int_container3 120",63561,9525.41,9502.56,ns,,,,,
"Sum squares integer MPL int_container3 120",63561,9909.6,9892.56,ns,,,,,
"Sum squares integer MPL int_container3 120",63561,7960.68,7949.2,ns,,,,,
"Sum squares integer MPL int_container3 120",63561,7502.74,7493.26,ns,,,,,
"Sum squares integer MPL int_container3 120",63561,7858.94,7856.69,ns,,,,,
"Sum squares integer MPL int_container3 120",63561,7934.88,7931.64,ns,,,,,
"Sum squares integer MPL int_container3 120_mean",10,8836.22,8815.53,ns,,,,,
"Sum squares integer MPL int_container3 120_median",10,8812.71,8797.19,ns,,,,,
"Sum squares integer MPL int_container3 120_stddev",10,1033.27,1018.53,ns,,,,,
"Sum squares integer MPL int_container3 120_cv",10,1.16936e+07,1.15538e+07,ns,,,,,
"Sum squares integer MPL std::vector 144",78184,11429.2,11387.2,ns,,,,,
"Sum squares integer MPL std::vector 144",78184,10708.3,10662.4,ns,,,,,
"Sum squares integer MPL std::vector 144",78184,10840.6,10819.9,ns,,,,,
"Sum squares integer MPL std::vector 144",78184,10495.8,10469.8,ns,,,,,
"Sum squares integer MPL std::vector 144",78184,12189.6,12115,ns,,,,,
"Sum squares integer MPL std::vector 144",78184,11229.3,11191.5,ns,,,,,
"Sum squares integer MPL std::vector 144",78184,10517.1,10503.2,ns,,,,,
"Sum squares integer MPL std::vector 144",78184,11144.3,11136.1,ns,,,,,
"Sum squares integer MPL std::vector 144",78184,8598.83,8589.67,ns,,,,,
"Sum squares integer MPL std::vector 144",78184,8574.35,8569.36,ns,,,,,
"Sum squares integer MPL std::vector 144_mean",10,10572.7,10544.4,ns,,,,,
"Sum squares integer MPL std::vector 144_median",10,10774.5,10741.1,ns,,,,,
"Sum squares integer MPL std::vector 144_stddev",10,1159.24,1143.32,ns,,,,,
"Sum squares integer MPL std::vector 144_cv",10,1.09645e+07,1.08429e+07,ns,,,,,
"Sum squares integer CLN 144",50153,13699.8,13628.7,ns,,,,,
"Sum squares integer CLN 144",50153,19028.5,18981.1,ns,,,,,
"Sum squares integer CLN 144",50153,17607.4,17567.6,ns,,,,,
"Sum squares integer CLN 144",50153,16915.8,16876.9,ns,,,,,
"Sum squares integer CLN 144",50153,20410.5,20283.6,ns,,,,,
"Sum squares integer CLN 144",50153,17371.7,17344.7,ns,,,,,
"Sum squares integer CLN 144",50153,17516.8,17466.2,ns,,,,,
"Sum squares integer CLN 144",50153,17954.1,17930.4,ns,,,,,
"Sum squares integer CLN 144",50153,17656.2,17610.9,ns,,,,,
"Sum squares integer CLN 144",50153,13427.9,13421.4,ns,,,,,
"Sum squares integer CLN 144_mean",10,17158.9,17111.1,ns,,,,,
"Sum squares integer CLN 144_median",10,17562.1,17516.9,ns,,,,,
"Sum squares integer CLN 144_stddev",10,2141.31,2125.71,ns,,,,,
"Sum squares integer CLN 144_cv",10,1.24793e+07,1.2423e+07,ns,,,,,
"Sum squares integer MPL std::vector 24",73269,8930.35,8911.15,ns,,,,,
"Sum squares integer MPL std::vector 24",73269,9363.62,9227.91,ns,,,,,
"Sum squares integer MPL std::vector 24",73269,8939.92,8922.75,ns,,,,,
"Sum squares integer MPL std::vector 24",73269,7262.95,7246.33,ns,,,,,
"Sum squares integer MPL std::vector 24",73269,8595.5,8582.03,ns,,,,,
"Sum squares integer MPL std::vector 24",73269,9480.77,9473.71,ns,,,,,
"Sum squares integer MPL std::vector 24",73269,7153.37,7145.7,ns,,,,,
"Sum squares integer MPL std::vector 24",73269,7104.9,7095.13,ns,,,,,
"Sum squares integer MPL std::vector 24",73269,14776.7,14769.1,ns,,,,,
"Sum squares integer MPL std::vector 24",73269,7253.29,7247.7,ns,,,,,
"Sum squares integer MPL std::vector 24_mean",10,8886.14,8862.15,ns,,,,,
"Sum squares integer MPL std::vector 24_median",10,8762.92,8746.59,ns,,,,,
"Sum squares integer MPL std::vector 24_stddev",10,2281.47,2279.64,ns,,,,,
"Sum squares integer MPL std::vector 24_cv",10,2.56745e+07,2.57233e+07,ns,,,,,
"Sum squares integer MPL int_container3 40",83356,9078.39,9025.47,ns,,,,,
"Sum squares integer MPL int_container3 40",83356,7181.78,7111.23,ns,,,,,
"Sum squares integer MPL int_container3 40",83356,9181.14,9087.85,ns,,,,,
"Sum squares integer MPL int_container3 40",83356,7064.08,7045,ns,,,,,
"Sum squares integer MPL int_container3 40",83356,10078,10041.9,ns,,,,,
"Sum squares integer MPL int_container3 40",83356,8419.17,8406.1,ns,,,,,
"Sum squares integer MPL int_container3 40",83356,8326.57,8316.37,ns,,,,,
"Sum squares integer MPL int_container3 40",83356,6785.54,6777.54,ns,,,,,
"Sum squares integer MPL int_container3 40",83356,6756.03,6749.69,ns,,,,,
"Sum squares integer MPL int_container3 40",83356,6777.44,6771.79,ns,,,,,
"Sum squares integer MPL int_container3 40_mean",10,7964.82,7933.3,ns,,,,,
"Sum squares integer MPL int_container3 40_median",10,7754.18,7713.8,ns,,,,,
"Sum squares integer MPL int_container3 40_stddev",10,1211.46,1196.9,ns,,,,,
"Sum squares integer MPL int_container3 40_cv",10,1.52101e+07,1.5087e+07,ns,,,,,
"Sum squares integer MPL int_container3 136",64662,11071.6,10998.2,ns,,,,,
"Sum squares integer MPL int_container3 136",64662,10411.4,10390.6,ns,,,,,
"Sum squares integer MPL int_container3 136",64662,10086.6,10061.3,ns,,,,,
"Sum squares integer MPL int_container3 136",64662,10687.1,10654.5,ns,,,,,
"Sum squares integer MPL int_container3 136",64662,10001.2,9987.09,ns,,,,,
"Sum squares integer MPL int_container3 136",64662,8305.33,8298.77,ns,,,,,
"Sum squares integer MPL int_container3 136",64662,7838.52,7836.75,ns,,,,,
"Sum squares integer MPL int_container3 136",64662,7422.61,7419.57,ns,,,,,
"Sum squares integer MPL int_container3 136",64662,8255.79,8247.5,ns,,,,,
"Sum squares integer MPL int_container3 136",64662,8207.59,8204.85,ns,,,,,
"Sum squares integer MPL int_container3 136_mean",10,9228.77,9209.91,ns,,,,,
"Sum squares integer MPL int_container3 136_median",10,9153.26,9142.93,ns,,,,,
"Sum squares integer MPL int_container3 136_stddev",10,1345.4,1327.7,ns,,,,,
"Sum squares integer MPL int_container3 136_cv",10,1.45783e+07,1.4416e+07,ns,,,,,
"Sum squares integer MPL int_container2 32",155548,4517.02,4507.81,ns,,,,,
"Sum squares integer MPL int_container2 32",155548,5676.66,5666.05,ns,,,,,
"Sum squares integer MPL int_container2 32",155548,5159.41,5146.73,ns,,,,,
"Sum squares integer MPL int_container2 32",155548,4528.75,4526.33,ns,,,,,
"Sum squares integer MPL int_container2 32",155548,5203.74,5194.79,ns,,,,,
"Sum squares integer MPL int_container2 32",155548,5550.18,5544.35,ns,,,,,
"Sum squares integer MPL int_container2 32",155548,4347.95,4343.5,ns,,,,,
"Sum squares integer MPL int_container2 32",155548,4332.96,4328.74,ns,,,,,
"Sum squares integer MPL int_container2 32",155548,4334.62,4332.46,ns,,,,,
"Sum squares integer MPL int_container2 32",155548,4385.25,4378.22,ns,,,,,
"Sum squares integer MPL int_container2 32_mean",10,4803.65,4796.9,ns,,,,,
"Sum squares integer MPL int_container2 32_median",10,4522.88,4517.07,ns,,,,,
"Sum squares integer MPL int_container2 32_stddev",10,536.252,534.096,ns,,,,,
"Sum squares integer MPL int_container2 32_cv",10,1.11634e+07,1.11342e+07,ns,,,,,
"Sum squares integer GMP 144",83542,8114.09,8091.03,ns,,,,,
"Sum squares integer GMP 144",83542,8718.34,8683.44,ns,,,,,
"Sum squares integer GMP 144",83542,8301.16,8271.19,ns,,,,,
"Sum squares integer GMP 144",83542,7911.93,7830.29,ns,,,,,
"Sum squares integer GMP 144",83542,8676.92,8625.88,ns,,,,,
"Sum squares integer GMP 144",83542,6844.85,6838.31,ns,,,,,
"Sum squares integer GMP 144",83542,6824.37,6820.2,ns,,,,,
"Sum squares integer GMP 144",83542,6766.08,6761.02,ns,,,,,
"Sum squares integer GMP 144",83542,6806.45,6797.06,ns,,,,,
"Sum squares integer GMP 144",83542,6741.25,6736.68,ns,,,,,
"Sum squares integer GMP 144_mean",10,7570.55,7545.51,ns,,,,,
"Sum squares integer GMP 144_median",10,7378.39,7334.3,ns,,,,,
"Sum squares integer GMP 144_stddev",10,849.145,831.558,ns,,,,,
"Sum squares integer GMP 144_cv",10,1.12164e+07,1.10206e+07,ns,,,,,
"Sum squares integer MPL int_container3 152",68951,9938.82,9906.47,ns,,,,,
"Sum squares integer MPL int_container3 152",68951,10476.3,10462.8,ns,,,,,
"Sum squares integer MPL int_container3 152",68951,9188.63,9169.24,ns,,,,,
"Sum squares integer MPL int_container3 152",68951,11556,11491.2,ns,,,,,
"Sum squares integer MPL int_container3 152",68951,10040.3,9968.5,ns,,,,,
"Sum squares integer MPL int_container3 152",68951,10299,10272.7,ns,,,,,
"Sum squares integer MPL int_container3 152",68951,10046.4,10037.2,ns,,,,,
"Sum squares integer MPL int_container3 152",68951,8185.73,8176.98,ns,,,,,
"Sum squares integer MPL int_container3 152",68951,8149.99,8143.07,ns,,,,,
"Sum squares integer MPL int_container3 152",68951,8217.61,8212.57,ns,,,,,
"Sum squares integer MPL int_container3 152_mean",10,9609.88,9584.08,ns,,,,,
"Sum squares integer MPL int_container3 152_median",10,9989.57,9937.48,ns,,,,,
"Sum squares integer MPL int_container3 152_stddev",10,1143.7,1127.94,ns,,,,,
"Sum squares integer MPL int_container3 152_cv",10,1.19013e+07,1.17689e+07,ns,,,,,
"Sum squares integer GMP 24",82125,7751.89,7732.68,ns,,,,,
"Sum squares integer GMP 24",82125,7894.86,7862.81,ns,,,,,
"Sum squares integer GMP 24",82125,8327.75,8289.51,ns,,,,,
"Sum squares integer GMP 24",82125,8116.5,8090.63,ns,,,,,
"Sum squares integer GMP 24",82125,8043.26,8018.14,ns,,,,,
"Sum squares integer GMP 24",82125,8258.86,8247.59,ns,,,,,
"Sum squares integer GMP 24",82125,6387.77,6377.57,ns,,,,,
"Sum squares integer GMP 24",82125,5911.91,5908.2,ns,,,,,
"Sum squares integer GMP 24",82125,6556.11,6531.77,ns,,,,,
"Sum squares integer GMP 24",82125,6495.49,6493.38,ns,,,,,
"Sum squares integer GMP 24_mean",10,7374.44,7355.23,ns,,,,,
"Sum squares integer GMP 24_median",10,7823.38,7797.74,ns,,,,,
"Sum squares integer GMP 24_stddev",10,922.378,914.094,ns,,,,,
"Sum squares integer GMP 24_cv",10,1.25078e+07,1.24278e+07,ns,,,,,
"Sum squares integer MPL std::vector 112",75764,10709.8,10698.7,ns,,,,,
"Sum squares integer MPL std::vector 112",75764,10454.2,10432.9,ns,,,,,
"Sum squares integer MPL std::vector 112",75764,10659.4,10620.8,ns,,,,,
"Sum squares integer MPL std::vector 112",75764,10500.5,10461.2,ns,,,,,
"Sum squares integer MPL std::vector 112",75764,9390.47,9373.15,ns,,,,,
"Sum squares integer MPL std::vector 112",75764,10090.3,10075.4,ns,,,,,
"Sum squares integer MPL std::vector 112",75764,8068.24,8058.08,ns,,,,,
"Sum squares integer MPL std::vector 112",75764,8200.22,8189.31,ns,,,,,
"Sum squares integer MPL std::vector 112",75764,8383.52,8353.9,ns,,,,,
"Sum squares integer MPL std::vector 112",75764,8082.14,8076.5,ns,,,,,
"Sum squares integer MPL std::vector 112_mean",10,9453.88,9434,ns,,,,,
"Sum squares integer MPL std::vector 112_median",10,9740.41,9724.28,ns,,,,,
"Sum squares integer MPL std::vector 112_stddev",10,1157.33,1151.23,ns,,,,,
"Sum squares integer MPL std::vector 112_cv",10,1.22418e+07,1.2203e+07,ns,,,,,
"Sum squares integer MPL int_container2 112",46878,15353.8,15314.3,ns,,,,,
"Sum squares integer MPL int_container2 112",46878,14856.1,14800.1,ns,,,,,
"Sum squares integer MPL int_container2 112",46878,15288.8,15239.4,ns,,,,,
"Sum squares integer MPL int_container2 112",46878,12872.5,12845.9,ns,,,,,
"Sum squares integer MPL int_container2 112",46878,15336.2,15310.1,ns,,,,,
"Sum squares integer MPL int_container2 112",46878,11771,11750.7,ns,,,,,
"Sum squares integer MPL int_container2 112",46878,11469.8,11463,ns,,,,,
"Sum squares integer MPL int_container2 112",46878,20805.6,14183.8,ns,,,,,
"Sum squares integer MPL int_container2 112",46878,11658.9,11651.6,ns,,,,,
"Sum squares integer MPL int_container2 112",46878,11658.4,11655.1,ns,,,,,
"Sum squares integer MPL int_container2 112_mean",10,14107.1,13421.4,ns,,,,,
"Sum squares integer MPL int_container2 112_median",10,13864.3,13514.9,ns,,,,,
"Sum squares integer MPL int_container2 112_stddev",10,2902.45,1704.49,ns,,,,,
"Sum squares integer MPL int_container2 112_cv",10,2.05744e+07,1.26998e+07,ns,,,,,
"Sum squares integer CLN 96",41085,16200.4,16166,ns,,,,,
"Sum squares integer CLN 96",41085,21151.3,20993.5,ns,,,,,
"Sum squares integer CLN 96",41085,19329.1,19205.3,ns,,,,,
"Sum squares integer CLN 96",41085,20704.7,20641.2,ns,,,,,
"Sum squares integer CLN 96",41085,17604.9,17570.3,ns,,,,,
"Sum squares integer CLN 96",41085,15234.3,15222.2,ns,,,,,
"Sum squares integer CLN 96",41085,16914.2,16875.4,ns,,,,,
"Sum squares integer CLN 96",41085,13920.8,13900,ns,,,,,
"Sum squares integer CLN 96",41085,12430.2,12426.4,ns,,,,,
"Sum squares integer CLN 96",41085,13665.2,13630.7,ns,,,,,
"Sum squares integer CLN 96_mean",10,16715.5,16663.1,ns,,,,,
"Sum squares integer CLN 96_median",10,16557.3,16520.7,ns,,,,,
"Sum squares integer CLN 96_stddev",10,3003.5,2962.95,ns,,,,,
"Sum squares integer CLN 96_cv",10,1.79684e+07,1.77815e+07,ns,,,,,
"Sum squares integer MPL int_container3 104",70297,10092.2,10066.6,ns,,,,,
"Sum squares integer MPL int_container3 104",70297,10098.2,10089,ns,,,,,
"Sum squares integer MPL int_container3 104",70297,8975.35,8941.76,ns,,,,,
"Sum squares integer MPL int_container3 104",70297,8049.84,8007.01,ns,,,,,
"Sum squares integer MPL int_container3 104",70297,9679.55,9661.07,ns,,,,,
"Sum squares integer MPL int_container3 104",70297,9672.14,9663.63,ns,,,,,
"Sum squares integer MPL int_container3 104",70297,9219.88,9206.57,ns,,,,,
"Sum squares integer MPL int_container3 104",70297,7674.54,7663.66,ns,,,,,
"Sum squares integer MPL int_container3 104",70297,7017.44,7010.61,ns,,,,,
"Sum squares integer MPL int_container3 104",70297,7068.66,7064.88,ns,,,,,
"Sum squares integer MPL int_container3 104_mean",10,8754.78,8737.47,ns,,,,,
"Sum squares integer MPL int_container3 104_median",10,9097.61,9074.16,ns,,,,,
"Sum squares integer MPL int_container3 104_stddev",10,1205.57,1203.32,ns,,,,,
"Sum squares integer MPL int_container3 104_cv",10,1.37704e+07,1.3772e+07,ns,,,,,
"Sum squares integer CLN 24",55644,13188.3,13108.5,ns,,,,,
"Sum squares integer CLN 24",55644,16811.3,16780.3,ns,,,,,
"Sum squares integer CLN 24",55644,15501.5,15454,ns,,,,,
"Sum squares integer CLN 24",55644,17030.6,17013.1,ns,,,,,
"Sum squares integer CLN 24",55644,15385.8,15304.2,ns,,,,,
"Sum squares integer CLN 24",55644,13801.7,13664.7,ns,,,,,
"Sum squares integer CLN 24",55644,15631.6,15611.5,ns,,,,,
"Sum squares integer CLN 24",55644,12466.8,12455.1,ns,,,,,
"Sum squares integer CLN 24",55644,11241.6,11234.7,ns,,,,,
"Sum squares integer CLN 24",55644,11468.9,11463.4,ns,,,,,
"Sum squares integer CLN 24_mean",10,14252.8,14209,ns,,,,,
"Sum squares integer CLN 24_median",10,14593.8,14484.5,ns,,,,,
"Sum squares integer CLN 24_stddev",10,2117.39,2112.38,ns,,,,,
"Sum squares integer CLN 24_cv",10,1.4856e+07,1.48665e+07,ns,,,,,
"Sum squares integer MPL int_container3 72",74906,8943.03,8934.3,ns,,,,,
"Sum squares integer MPL int_container3 72",74906,8560.83,8534.62,ns,,,,,
"Sum squares integer MPL int_container3 72",74906,8465.15,8428.34,ns,,,,,
"Sum squares integer MPL int_container3 72",74906,8447.18,8433.34,ns,,,,,
"Sum squares integer MPL int_container3 72",74906,8313.35,8285.69,ns,,,,,
"Sum squares integer MPL int_container3 72",74906,8865.79,8855.89,ns,,,,,
"Sum squares integer MPL int_container3 72",74906,7106.01,7093.2,ns,,,,,
"Sum squares integer MPL int_container3 72",74906,7176.11,7165.9,ns,,,,,
"Sum squares integer MPL int_container3 72",74906,7159.93,7128.81,ns,,,,,
"Sum squares integer MPL int_container3 72",74906,6730.88,6702.05,ns,,,,,
"Sum squares integer MPL int_container3 72_mean",10,7976.83,7956.21,ns,,,,,
"Sum squares integer MPL int_container3 72_median",10,8380.27,8357.01,ns,,,,,
"Sum squares integer MPL int_container3 72_stddev",10,833.8,835.772,ns,,,,,
"Sum squares integer MPL int_container3 72_cv",10,1.04528e+07,1.05046e+07,ns,,,,,
"Sum squares integer CLN 56",38645,17439.1,17403.1,ns,,,,,
"Sum squares integer CLN 56",38645,16618.6,16590.4,ns,,,,,
"Sum squares integer CLN 56",38645,15692.4,15654,ns,,,,,
"Sum squares integer CLN 56",38645,17326.8,17262.9,ns,,,,,
"Sum squares integer CLN 56",38645,14915.6,14862.8,ns,,,,,
"Sum squares integer CLN 56",38645,18232.9,18169.9,ns,,,,,
"Sum squares integer CLN 56",38645,16712.8,16692.6,ns,,,,,
"Sum squares integer CLN 56",38645,16659.7,16623.6,ns,,,,,
"Sum squares integer CLN 56",38645,12765.3,12754.7,ns,,,,,
"Sum squares integer CLN 56",38645,11364.5,11362,ns,,,,,
"Sum squares integer CLN 56_mean",10,15772.8,15737.6,ns,,,,,
"Sum squares integer CLN 56_median",10,16639.2,16607,ns,,,,,
"Sum squares integer CLN 56_stddev",10,2181.95,2166.82,ns,,,,,
"Sum squares integer CLN 56_cv",10,1.38336e+07,1.37684e+07,ns,,,,,
